HG790064	Phyto_capsi_IMI352	HG790065
HG790065	Phyto_capsi_IMI352	HG790064
HG790066	Sapro_ferax_36051	HG790067
HG790067	Sapro_ferax_36051	HG790066
HG790068	Sapro_ferax_36051	HG790069
HG790069	Sapro_ferax_36051	HG790068
HG790070	Herba_serop_SmR1.2	HG790071
HG790071	Herba_serop_SmR1.2	HG790070
HG790072	Accum_phosp_UW1	HG790073
HG790073	Accum_phosp_UW1	HG790072
HG790074	Accum_phosp_UW1	HG790075
HG790075	Accum_phosp_UW1	HG790074
HG790076	Accum_phosp_UW1	HG790077
HG790077	Accum_phosp_UW1	HG790076
HG790078	Accum_phosp_UW1	HG790079
HG790079	Accum_phosp_UW1	HG790078
HG790080	Recli_ameri_50394	HG790081
HG790081	Recli_ameri_50394	HG790080
HG790082	Thaue_sp_MZ1T	HG790083
HG790083	Thaue_sp_MZ1T	HG790082
HG790084	Thaue_sp_MZ1T	HG790085
HG790085	Thaue_sp_MZ1T	HG790084
HG790086	Thaue_sp_MZ1T	none
HG790087	Aroma_aroma_EbN1	HG790088
HG790088	Aroma_aroma_EbN1	HG790087
HG790089	Dechl_aroma_RCB	HG790090
HG790090	Dechl_aroma_RCB	HG790089
HG790091	Dechl_suill_PS	HG790092
HG790092	Dechl_suill_PS	HG790091
HG790093	Dechl_suill_PS	HG790094
HG790094	Dechl_suill_PS	HG790093
HG790095	Andal_godoy_PRA185	HG790096
HG790096	Andal_godoy_PRA185	HG790095
HG790097	Secul_ecuad_50688	HG790098
HG790098	Secul_ecuad_50688	HG790097
HG790099	Taylo_asini_MCE3	HG790100
HG790100	Taylo_asini_MCE3	HG790099
HG790101	Parvu_bermu_HTCC25	HG790102
HG790102	Parvu_bermu_HTCC25	HG790101
HG790103	Taylo_equig_MCE9	HG790104
HG790104	Taylo_equig_MCE9	HG790103
HG790105	Taylo_equig_MCE9	HG790106
HG790106	Taylo_equig_MCE9	HG790105
HG790107	Gluco_oxyda_621H	HG790108
HG790108	Gluco_oxyda_621H	HG790107
HG790109	Gluco_oxyda_621H	none
HG790110	Rhodo_palus_BisB18.1	HG790111
HG790111	Rhodo_palus_BisB18.1	HG790110
HG790112	Psvib_sp_JE062	HG790113
HG790113	Psvib_sp_JE062	HG790112
HG790114	Psvib_sp_JE062	HG790115
HG790115	Psvib_sp_JE062	HG790114
HG790116	Psvib_sp_JE062	HG790117
HG790117	Psvib_sp_JE062	HG790116
HG790118	Liber_solan_CLsoZC	HG790119
HG790119	Liber_solan_CLsoZC	HG790118
HG790120	Xanth_autot_Py2	HG790121
HG790121	Xanth_autot_Py2	HG790120
HG790122	Methy_silve_BL2	HG790123
HG790123	Methy_silve_BL2	HG790122
HG790124	Beije_indic_9039	HG790125
HG790125	Beije_indic_9039	HG790124
HG790126	Parvi_lavam_DS1	HG790127
HG790127	Parvi_lavam_DS1	HG790126
HG790128	Brevu_subvi_15264	HG790129
HG790129	Brevu_subvi_15264	HG790128
HG790130	Gluco_xylin_NBR328	HG790131
HG790131	Gluco_xylin_NBR328	HG790130
HG790132	Gluco_diazo_PAl5	HG790133
HG790133	Gluco_diazo_PAl5	HG790132
HG790134	Gluco_diazo_PAl5	HG790135
HG790135	Gluco_diazo_PAl5	HG790134
HG790136	Pelag_halot_B2	HG790137
HG790137	Pelag_halot_B2	HG790136
HG790138	Methy_sp_446	HG790139
HG790139	Methy_sp_446	HG790138
HG790140	Methy_sp_446	HG790141
HG790141	Methy_sp_446	HG790140
HG790142	Methy_sp_446	HG790143
HG790143	Methy_sp_446	HG790142
HG790144	Methy_nodul_ORS206	HG790145
HG790145	Methy_nodul_ORS206	HG790144
HG790146	Stark_novel_506	HG790147
HG790147	Stark_novel_506	HG790146
HG790148	Azorh_cauli_ORS571	HG790149
HG790149	Azorh_cauli_ORS571	HG790148
HG790150	Methy_sp_SC2	HG790151
HG790151	Methy_sp_SC2	HG790150
HG790152	Novos_sp_PP1Y	HG790153
HG790153	Novos_sp_PP1Y	HG790152
HG790154	Novos_sp_PP1Y	HG790155
HG790155	Novos_sp_PP1Y	HG790154
HG790156	Polym_gilvu_SL003B	HG790157
HG790157	Polym_gilvu_SL003B	HG790156
HG790158	Brady_sp_ORS278	HG790159
HG790159	Brady_sp_ORS278	HG790158
HG790160	Brady_sp_BTAi1	HG790161
HG790161	Brady_sp_BTAi1	HG790160
HG790162	Rhodo_rubru_11170	HG790163
HG790163	Rhodo_rubru_11170	HG790162
HG790164	Rhodo_rubru_11170	HG790165
HG790165	Rhodo_rubru_11170	HG790164
HG790166	Rhizo_etli_CFN42	HG790167
HG790167	Rhizo_etli_CFN42	HG790166
HG790168	Rhizo_etli_CIA652	HG790169
HG790169	Rhizo_etli_CIA652	HG790168
HG790170	Rhizo_etli_CIA652	HG790171
HG790171	Rhizo_etli_CIA652	HG790170
HG790172	Rhizo_legum_WSM230	HG790173
HG790173	Rhizo_legum_WSM230	HG790172
HG790174	Rhizo_legum_WSM132	HG790175
HG790175	Rhizo_legum_WSM132	HG790174
HG790176	Rhizo_legum_WSM132	HG790177
HG790177	Rhizo_legum_WSM132	HG790176
HG790178	Rhizo_legum_3841	HG790179
HG790179	Rhizo_legum_3841	HG790178
HG790180	Rhizo_legum_3841	HG790181
HG790181	Rhizo_legum_3841	HG790180
HG790182	Magne_magne_MS1	HG790183
HG790183	Magne_magne_MS1	HG790182
HG790184	Magne_magne_AMB1	HG790185
HG790185	Magne_magne_AMB1	HG790184
HG790186	Agrob_sp_H133	HG790187
HG790187	Agrob_sp_H133	HG790186
HG790188	Agrob_sp_H133	HG790189
HG790189	Agrob_sp_H133	HG790188
HG790190	Agrob_fabru_C58	HG790191
HG790191	Agrob_fabru_C58	HG790190
HG790192	Agrob_fabru_C58	HG790193
HG790193	Agrob_fabru_C58	HG790192
HG790194	Agrob_tumef_NTL4	HG790195
HG790195	Agrob_tumef_NTL4	HG790194
HG790196	Micav_aerug_ARL13	HG790197
HG790197	Micav_aerug_ARL13	HG790196
HG790198	Sphin_elode_31461	HG790199
HG790199	Sphin_elode_31461	HG790198
HG790200	Sphin_witti_RW1	HG790201
HG790201	Sphin_witti_RW1	HG790200
HG790202	Sphin_witti_RW1	HG790203
HG790203	Sphin_witti_RW1	HG790202
HG790204	Sphin_witti_RW1	HG790205
HG790205	Sphin_witti_RW1	HG790204
HG790206	Sphin_chlor_L1	HG790207
HG790207	Sphin_chlor_L1	HG790206
HG790208	Sphin_japon_UT26S	HG790209
HG790209	Sphin_japon_UT26S	HG790208
HG790210	Methy_extor_PA1	HG790211
HG790211	Methy_extor_PA1	HG790210
HG790212	Methy_extor_PA1	HG790213
HG790213	Methy_extor_PA1	HG790212
HG790214	Methy_extor_PA1	HG790215
HG790215	Methy_extor_PA1	HG790214
HG790216	Methy_extor_PA1	HG790217
HG790217	Methy_extor_PA1	HG790216
HG790218	uncul_bacte_MmaMS1	HG790219
HG790219	uncul_bacte_MmaMS1	HG790218
HG790220	Methy_popul_BJ001	HG790221
HG790221	Methy_popul_BJ001	HG790220
HG790222	Tistr_mobil_KA0810	HG790223
HG790223	Tistr_mobil_KA0810	HG790222
HG790224	Methy_extor_CM4	HG790225
HG790225	Methy_extor_CM4	HG790224
HG790226	Methy_radio_JCM283.1	HG790227
HG790227	Methy_radio_JCM283.1	HG790226
HG790228	Agrob_radio_K84	HG790229
HG790229	Agrob_radio_K84	HG790228
HG790230	Rhodo_photo_122	HG790231
HG790231	Rhodo_photo_122	HG790230
HG790232	Agrob_vitis_S4	HG790233
HG790233	Agrob_vitis_S4	HG790232
HG790234	Sphin_sp_SYK6	HG790235
HG790235	Sphin_sp_SYK6	HG790234
HG790236	Novos_aroma_12444	HG790237
HG790237	Novos_aroma_12444	HG790236
HG790238	Rhodo_palus_BisA53	HG790239
HG790239	Rhodo_palus_BisA53	HG790238
HG790240	Nitro_hambu_X14	HG790241
HG790241	Nitro_hambu_X14	HG790240
HG790242	Brady_japon_USD6	HG790243
HG790243	Brady_japon_USD6	HG790242
HG790244	Brady_japon_USD6	HG790245
HG790245	Brady_japon_USD6	HG790244
HG790246	Brady_japon_USD6	HG790247
HG790247	Brady_japon_USD6	HG790246
HG790248	Brady_sp_S23321	HG790249
HG790249	Brady_sp_S23321	HG790248
HG790250	Brady_japon	HG790251
HG790251	Brady_japon	HG790250
HG790252	Brady_japon	HG790253
HG790253	Brady_japon	HG790252
HG790254	Brady_japon	HG790255
HG790255	Brady_japon	HG790254
HG790256	Nitro_winog_Nb255	HG790257
HG790257	Nitro_winog_Nb255	HG790256
HG790258	Oligo_carbo_OM5	HG790259
HG790259	Oligo_carbo_OM5	HG790258
HG790260	Oligo_carbo_OM5	HG790261
HG790261	Oligo_carbo_OM5	HG790260
HG790262	Oligo_carbo_OM5	HG790263
HG790263	Oligo_carbo_OM5	HG790262
HG790264	Sinor_melil_2011	HG790265
HG790265	Sinor_melil_2011	HG790264
HG790266	Sinor_melil_2011	HG790267
HG790267	Sinor_melil_2011	HG790266
HG790268	Sinor_melil_2011	HG790269
HG790269	Sinor_melil_2011	HG790268
HG790270	Sinor_melil_2011	HG790271
HG790271	Sinor_melil_2011	HG790270
HG790272	Sinor_melil_2011	HG790273
HG790273	Sinor_melil_2011	HG790272
HG790274	Sinor_melil_2011	HG790275
HG790275	Sinor_melil_2011	HG790274
HG790276	Sinor_melil_2011	HG790277
HG790277	Sinor_melil_2011	HG790276
HG790278	Sinor_melil_2011	HG790279
HG790279	Sinor_melil_2011	HG790278
HG790280	Sinor_melil_2011	HG790281
HG790281	Sinor_melil_2011	HG790280
HG790282	Sinor_melil_2011	HG790283
HG790283	Sinor_melil_2011	HG790282
HG790284	Sinor_melil_2011	HG790285
HG790285	Sinor_melil_2011	HG790284
HG790286	Sinor_melil_2011	HG790287
HG790287	Sinor_melil_2011	HG790286
HG790288	Sinor_melil_2011	HG790289
HG790289	Sinor_melil_2011	HG790288
HG790290	Sinor_melil_2011	HG790291
HG790291	Sinor_melil_2011	HG790290
HG790292	Sinor_melil_2011	HG790293
HG790293	Sinor_melil_2011	HG790292
HG790294	Sinor_melil_2011	HG790295
HG790295	Sinor_melil_2011	HG790294
HG790296	Sinor_melil_2011	HG790297
HG790297	Sinor_melil_2011	HG790296
HG790298	Sinor_melil_2011	HG790299
HG790299	Sinor_melil_2011	HG790298
HG790300	Sinor_melil_2011	HG790301
HG790301	Sinor_melil_2011	HG790300
HG790302	Sinor_melil_2011	HG790303
HG790303	Sinor_melil_2011	HG790302
HG790304	Sinor_melil_2011	HG790305
HG790305	Sinor_melil_2011	HG790304
HG790306	Sinor_melil_2011	HG790307
HG790307	Sinor_melil_2011	HG790306
HG790308	Sinor_melil_2011	HG790309
HG790309	Sinor_melil_2011	HG790308
HG790310	Sinor_melil_2011	HG790311
HG790311	Sinor_melil_2011	HG790310
HG790312	Sinor_medic_WSM419	HG790313
HG790313	Sinor_medic_WSM419	HG790312
HG790314	Sinor_medic_WSM419	HG790315
HG790315	Sinor_medic_WSM419	HG790314
HG790316	Sinor_medic_WSM419	HG790317
HG790317	Sinor_medic_WSM419	HG790316
HG790318	Sinor_medic_WSM419	HG790319
HG790319	Sinor_medic_WSM419	HG790318
HG790320	Sinor_medic_WSM419	HG790321
HG790321	Sinor_medic_WSM419	HG790320
HG790322	Sinor_medic_WSM419	HG790323
HG790323	Sinor_medic_WSM419	HG790322
HG790324	Sinor_medic_WSM419	HG790325
HG790325	Sinor_medic_WSM419	HG790324
HG790326	Sinor_fredi_NGR234	HG790327
HG790327	Sinor_fredi_NGR234	HG790326
HG790328	Sinor_fredi_NGR234	HG790329
HG790329	Sinor_fredi_NGR234	HG790328
HG790330	Sinor_fredi_NGR234	HG790331
HG790331	Sinor_fredi_NGR234	HG790330
HG790332	Sinor_fredi_NGR234	HG790333
HG790333	Sinor_fredi_NGR234	HG790332
HG790334	Sinor_fredi_NGR234	HG790335
HG790335	Sinor_fredi_NGR234	HG790334
HG790336	Sinor_fredi_NGR234	HG790337
HG790337	Sinor_fredi_NGR234	HG790336
HG790338	Sinor_fredi_NGR234	HG790339
HG790339	Sinor_fredi_NGR234	HG790338
HG790340	Sinor_fredi_NGR234	HG790341
HG790341	Sinor_fredi_NGR234	HG790340
HG790342	Sinor_fredi_NGR234	HG790343
HG790343	Sinor_fredi_NGR234	HG790342
HG790344	Sinor_fredi_USD257	HG790345
HG790345	Sinor_fredi_USD257	HG790344
HG790346	Neori_risti_Illino	HG790347
HG790347	Neori_risti_Illino	HG790346
HG790348	Neori_senne_Miyaya	HG790349
HG790349	Neori_senne_Miyaya	HG790348
HG790350	Methy_radio_JCM283.2	HG790351
HG790351	Methy_radio_JCM283.2	HG790350
HG790352	Hodgk_cicad_Dsem	HG790353
HG790353	Hodgk_cicad_Dsem	HG790352
HG790354	Orien_tsuts_Ikeda	HG790355
HG790355	Orien_tsuts_Ikeda	HG790354
HG790356	Orien_tsuts_Boryon	HG790357
HG790357	Orien_tsuts_Boryon	HG790356
HG790358	Ricke_monta_OSU859	HG790359
HG790359	Ricke_monta_OSU859	HG790358
HG790360	Ricke_ricke_Sheila	HG790361
HG790361	Ricke_ricke_Sheila	HG790360
HG790362	Ricke_ricke_Sheila	HG790363
HG790363	Ricke_ricke_Sheila	HG790362
HG790364	Ricke_ricke_Sheila	HG790365
HG790365	Ricke_ricke_Sheila	HG790364
HG790366	Ricke_ricke_Sheila	HG790367
HG790367	Ricke_ricke_Sheila	HG790366
HG790368	Ricke_ricke_Sheila	HG790369
HG790369	Ricke_ricke_Sheila	HG790368
HG790370	Ricke_ricke_Sheila	HG790371
HG790371	Ricke_ricke_Sheila	HG790370
HG790372	Ricke_ricke_Sheila	HG790373
HG790373	Ricke_ricke_Sheila	HG790372
HG790374	Ricke_afric_ESF5	HG790375
HG790375	Ricke_afric_ESF5	HG790374
HG790376	Ricke_sibir_246	HG790377
HG790377	Ricke_sibir_246	HG790376
HG790378	Ricke_sibir_246	HG790379
HG790379	Ricke_sibir_246	HG790378
HG790380	Ricke_parke_Portsm	HG790381
HG790381	Ricke_parke_Portsm	HG790380
HG790382	Ricke_conor_Mal7	HG790383
HG790383	Ricke_conor_Mal7	HG790382
HG790384	Ricke_conor_Mal7	HG790385
HG790385	Ricke_conor_Mal7	HG790384
HG790386	Ricke_conor_Mal7	HG790387
HG790387	Ricke_conor_Mal7	HG790386
HG790388	Ricke_conor_CMFEe8	none
HG790389	Ricke_conor_CMFEe8	HG790390
HG790390	Ricke_conor_CMFEe8	HG790389
HG790391	Ricke_conor_CMFEe8	HG790392
HG790392	Ricke_conor_CMFEe8	HG790391
HG790393	Ricke_ricke_Hlp2	HG790394
HG790394	Ricke_ricke_Hlp2	HG790393
HG790395	Ricke_heilo_054	HG790396
HG790396	Ricke_heilo_054	HG790395
HG790397	Ricke_heilo_054	HG790398
HG790398	Ricke_heilo_054	HG790397
HG790399	Ricke_phili_364D	HG790400
HG790400	Ricke_phili_364D	HG790399
HG790401	Ricke_ambly_GAT30V	HG790402
HG790402	Ricke_ambly_GAT30V	HG790401
HG790403	Ricke_felis_WXCal2	HG790404
HG790404	Ricke_felis_WXCal2	HG790403
HG790405	Ricke_peaco_Rustic	HG790406
HG790406	Ricke_peaco_Rustic	HG790405
HG790407	Ricke_belli_RML369	HG790408
HG790408	Ricke_belli_RML369	HG790407
HG790409	Ricke_belli_OSU853	HG790410
HG790410	Ricke_belli_OSU853	HG790409
HG790411	Ricke_prowa_MadE	HG790412
HG790412	Ricke_prowa_MadE	HG790411
HG790413	Ricke_prowa_MadE	HG790414
HG790414	Ricke_prowa_MadE	HG790413
HG790415	Ricke_prowa_MadE	HG790416
HG790416	Ricke_prowa_MadE	HG790415
HG790417	Ricke_prowa_MadE	HG790418
HG790418	Ricke_prowa_MadE	HG790417
HG790419	Ricke_prowa_MadE	HG790420
HG790420	Ricke_prowa_MadE	HG790419
HG790421	Ricke_prowa_MadE	HG790422
HG790422	Ricke_prowa_MadE	HG790421
HG790423	Ricke_prowa_MadE	HG790424
HG790424	Ricke_prowa_MadE	HG790423
HG790425	Ricke_prowa_MadE	HG790426
HG790426	Ricke_prowa_MadE	HG790425
HG790427	Ricke_prowa_MadE	HG790428
HG790428	Ricke_prowa_MadE	HG790427
HG790429	Ricke_prowa_MadE	HG790430
HG790430	Ricke_prowa_MadE	HG790429
HG790431	Ricke_prowa_MadE	HG790432
HG790432	Ricke_prowa_MadE	HG790431
HG790433	Ricke_akari_Hartfo	HG790434
HG790434	Ricke_akari_Hartfo	HG790433
HG790435	Ricke_typhi_Wilmin	HG790436
HG790436	Ricke_typhi_Wilmin	HG790435
HG790437	Ricke_typhi_Wilmin	HG790438
HG790438	Ricke_typhi_Wilmin	HG790437
HG790439	Ricke_typhi_Wilmin	HG790440
HG790440	Ricke_typhi_Wilmin	HG790439
HG790441	Ricke_canad_McKiel	HG790442
HG790442	Ricke_canad_McKiel	HG790441
note="Tag:(A)ANDNDRYVGAPALAAA*	Ricke_canad_CA410	HG790444
HG790444	Ricke_canad_CA410	note=
HG790445	Ricke_massi_AZT80	HG790446
HG790446	Ricke_massi_AZT80	HG790445
HG790447	Ricke_massi_MTU5	HG790448
HG790448	Ricke_massi_MTU5	HG790447
HG790449	Ricke_rhipi_37fema	HG790450
HG790450	Ricke_rhipi_37fema	HG790449
HG790451	Ricke_austr_Cutlac	HG790452
HG790452	Ricke_austr_Cutlac	HG790451
HG790453	Ricke_austr_Cutlac	HG790454
HG790454	Ricke_austr_Cutlac	HG790453
HG790455	Recli_ameri_50633	HG790456
HG790456	Recli_ameri_50633	HG790455
HG790457	Liber_asiat_psy62	HG790458
HG790458	Liber_asiat_psy62	HG790457
HG790459	Liber_asiat_psy62	HG790460
HG790460	Liber_asiat_psy62	HG790459
HG790461	Midic_mitoc_IricVA	HG790462
HG790462	Midic_mitoc_IricVA	HG790461
HG790463	Hypho_sp_MC1	HG790464
HG790464	Hypho_sp_MC1	HG790463
HG790465	Barto_quint_Toulou	HG790466
HG790466	Barto_quint_Toulou	HG790465
HG790467	Barto_quint_Toulou	HG790468
HG790468	Barto_quint_Toulou	HG790467
HG790469	Barto_quint_RM11	HG790470
HG790470	Barto_quint_RM11	HG790469
HG790471	Barto_hense_Housto	HG790472
HG790472	Barto_hense_Housto	HG790471
HG790473	Barto_hense_Housto	HG790474
HG790474	Barto_hense_Housto	HG790473
HG790475	Hypho_denit_51888	HG790476
HG790476	Hypho_denit_51888	HG790475
HG790477	Barto_tribo_CIP105	HG790478
HG790478	Barto_tribo_CIP105	HG790477
HG790479	Barto_tribo_CIP105	HG790480
HG790480	Barto_tribo_CIP105	HG790479
HG790481	Rhodo_vanni_17100	HG790482
HG790482	Rhodo_vanni_17100	HG790481
HG790483	Punic_marin_IMCC13	HG790484
HG790484	Punic_marin_IMCC13	HG790483
HG790485	Barto_graha_as4aup	HG790486
HG790486	Barto_graha_as4aup	HG790485
HG790487	Barto_bacil_KC583	HG790488
HG790488	Barto_bacil_KC583	HG790487
HG790489	Barto_bacil_KC583	HG790490
HG790490	Barto_bacil_KC583	HG790489
HG790491	Barto_bacil_KC583	HG790492
HG790492	Barto_bacil_KC583	HG790491
HG790493	Barto_clarr_73	HG790494
HG790494	Barto_clarr_73	HG790493
HG790495	Barto_clarr_73	HG790496
HG790496	Barto_clarr_73	HG790495
HG790497	Adven_kashm_WT001	HG790498
HG790498	Adven_kashm_WT001	HG790497
HG790499	Wolba_sp_Dsi	HG790500
HG790500	Wolba_sp_Dsi	HG790499
HG790501	Wolba_sp_Dsi	HG790502
HG790502	Wolba_sp_Dsi	HG790501
HG790503	Wolba_sp_Dsi	HG790504
HG790504	Wolba_sp_Dsi	HG790503
HG790505	Wolba_sp_Dsi	HG790506
HG790506	Wolba_sp_Dsi	HG790505
HG790507	Wolba_sp_Dme	HG790508
HG790508	Wolba_sp_Dme	HG790507
HG790509	Zymom_mobil_NCI111	HG790510
HG790510	Zymom_mobil_NCI111	HG790509
HG790511	Zymom_mobil_NCI111	HG790512
HG790512	Zymom_mobil_NCI111	HG790511
HG790513	Zymom_mobil_NCI111	HG790514
HG790514	Zymom_mobil_NCI111	HG790513
HG790515	Zymom_mobil_NCI111	HG790516
HG790516	Zymom_mobil_NCI111	HG790515
HG790517	Zymom_mobil_NCI111	HG790518
HG790518	Zymom_mobil_NCI111	HG790517
HG790519	Zymom_mobil_NCI111	HG790520
HG790520	Zymom_mobil_NCI111	HG790519
HG790521	Zymom_mobil_NCI111	HG790522
HG790522	Zymom_mobil_NCI111	HG790521
HG790523	Zymom_mobil_29192	HG790524
HG790524	Zymom_mobil_29192	HG790523
HG790525	Rhodo_palus_BisB18.2	HG790526
HG790526	Rhodo_palus_BisB18.2	HG790525
HG790527	Granu_bethe_CGDNIH	HG790528
HG790528	Granu_bethe_CGDNIH	HG790527
HG790529	Granu_bethe_CGDNIH	HG790530
HG790530	Granu_bethe_CGDNIH	HG790529
HG790531	Proch_marin_AS9601	HG790532
HG790532	Proch_marin_AS9601	HG790531
HG790533	Proch_marin_AS9601	HG790534
HG790534	Proch_marin_AS9601	HG790533
HG790535	Proch_marin_AS9601	none
HG790536	Proch_marin_AS9601	none
HG790537	Proch_marin_AS9601	none
HG790538	Proch_marin_AS9601	none
HG790539	Proch_marin_AS9601	none
HG790540	Proch_marin_AS9601	HG790541
HG790541	Proch_marin_AS9601	HG790540
HG790542	Proch_marin_9301	HG790543
HG790543	Proch_marin_9301	HG790542
HG790544	Proch_marin_9301	HG790545
HG790545	Proch_marin_9301	HG790544
HG790546	Proch_marin_9301	HG790547
HG790547	Proch_marin_9301	HG790546
HG790548	Proch_marin_9301	HG790549
HG790549	Proch_marin_9301	HG790548
HG790550	Proch_marin_9301	HG790551
HG790551	Proch_marin_9301	HG790550
HG790552	Proch_marin_9301	none
HG790553	Proch_marin_9301	HG790554
HG790554	Proch_marin_9301	HG790553
HG790555	Proch_marin_9301	HG790556
HG790556	Proch_marin_9301	HG790555
HG790557	Proch_marin_9301	HG790558
HG790558	Proch_marin_9301	HG790557
HG790559	Proch_marin_9301	HG790560
HG790560	Proch_marin_9301	HG790559
HG790561	Proch_marin_9301	HG790562
HG790562	Proch_marin_9301	HG790561
HG790563	Proch_marin_9301	HG790564
HG790564	Proch_marin_9301	HG790563
HG790565	Proch_marin_9301	HG790566
HG790566	Proch_marin_9301	HG790565
HG790567	Proch_marin_9301	none
HG790568	Proch_marin_9301	HG790569
HG790569	Proch_marin_9301	HG790568
HG790570	Proch_marin_9301	HG790571
HG790571	Proch_marin_9301	HG790570
HG790572	Proch_marin_9301	HG790573
HG790573	Proch_marin_9301	HG790572
HG790574	Proch_marin_9301	HG790575
HG790575	Proch_marin_9301	HG790574
HG790576	Proch_marin_9301	HG790577
HG790577	Proch_marin_9301	HG790576
HG790578	Proch_marin_9215	HG790579
HG790579	Proch_marin_9215	HG790578
HG790580	Proch_marin_9312	HG790581
HG790581	Proch_marin_9312	HG790580
HG790582	Proch_marin_1986	HG790583
HG790583	Proch_marin_1986	HG790582
HG790584	Proch_marin_9515	HG790585
HG790585	Proch_marin_9515	HG790584
HG790586	Proch_marin_9303	HG790587
HG790587	Proch_marin_9303	HG790586
HG790588	Proch_marin_9211	HG790589
HG790589	Proch_marin_9211	HG790588
HG790590	Proch_marin_1375	HG790591
HG790591	Proch_marin_1375	HG790590
HG790592	Proch_marin_9313	HG790593
HG790593	Proch_marin_9313	HG790592
HG790594	Proch_marin_9313	HG790595
HG790595	Proch_marin_9313	HG790594
HG790596	Rhodo_sphae_17025	HG790597
HG790597	Rhodo_sphae_17025	HG790596
HG790598	Roseo_litor_Och149	HG790599
HG790599	Roseo_litor_Och149	HG790598
HG790600	Synec_sp_WH780	HG790601
HG790601	Synec_sp_WH780	HG790600
HG790602	Caulo_segni_21756	HG790603
HG790603	Caulo_segni_21756	HG790602
HG790604	Caulo_cresc_CB15	HG790605
HG790605	Caulo_cresc_CB15	HG790604
HG790606	Caulo_cresc_CB15	HG790607
HG790607	Caulo_cresc_CB15	HG790606
HG790608	Caulo_cresc_CB15	HG790609
HG790609	Caulo_cresc_CB15	HG790608
HG790610	Synec_sp_CC9605	HG790611
HG790611	Synec_sp_CC9605	HG790610
HG790612	Rhodo_sphae_241	HG790613
HG790613	Rhodo_sphae_241	HG790612
HG790614	Rhodo_sphae_241	HG790615
HG790615	Rhodo_sphae_241	HG790614
HG790616	Rhodo_sphae_241	HG790617
HG790617	Rhodo_sphae_241	HG790616
HG790618	Rhodo_sphae_241	HG790619
HG790619	Rhodo_sphae_241	HG790618
HG790620	Rhodo_sphae_241	HG790621
HG790621	Rhodo_sphae_241	HG790620
HG790622	Rhodo_sphae_241	HG790623
HG790623	Rhodo_sphae_241	HG790622
HG790624	Rhodo_sphae_241	HG790625
HG790625	Rhodo_sphae_241	HG790624
HG790626	Rhodo_sphae_241	HG790627
HG790627	Rhodo_sphae_241	HG790626
HG790628	Synec_sp_RCC307	HG790629
HG790629	Synec_sp_RCC307	HG790628
HG790630	Synec_sp_WH810	HG790631
HG790631	Synec_sp_WH810	HG790630
HG790632	Synec_sp_CC9902	HG790633
HG790633	Synec_sp_CC9902	HG790632
HG790634	Synec_sp_CC9311	HG790635
HG790635	Synec_sp_CC9311	HG790634
HG790636	Eryth_litor_HTCC25	HG790637
HG790637	Eryth_litor_HTCC25	HG790636
HG790638	Roseo_denit_OCh114	HG790639
HG790639	Roseo_denit_OCh114	HG790638
HG790640	Ketog_vulga_Y25	HG790641
HG790641	Ketog_vulga_Y25	HG790640
HG790642	Ketog_vulga_Y25	HG790643
HG790643	Ketog_vulga_Y25	HG790642
HG790644	Dinor_shiba_DFL12	HG790645
HG790645	Dinor_shiba_DFL12	HG790644
HG790646	Azosp_brasi_Sp245	HG790647
HG790647	Azosp_brasi_Sp245	HG790646
HG790648	Bruce_melit_16M	HG790649
HG790649	Bruce_melit_16M	HG790648
HG790650	Bruce_melit_16M	HG790651
HG790651	Bruce_melit_16M	HG790650
HG790652	Bruce_melit_16M	HG790653
HG790653	Bruce_melit_16M	HG790652
HG790654	Bruce_melit_16M	HG790655
HG790655	Bruce_melit_16M	HG790654
HG790656	Bruce_melit_16M	HG790657
HG790657	Bruce_melit_16M	HG790656
HG790658	Bruce_melit_16M	HG790659
HG790659	Bruce_melit_16M	HG790658
HG790660	Bruce_melit_16M	HG790661
HG790661	Bruce_melit_16M	HG790660
HG790662	Bruce_melit_16M	HG790663
HG790663	Bruce_melit_16M	HG790662
HG790664	Bruce_melit_16M	HG790665
HG790665	Bruce_melit_16M	HG790664
HG790666	Bruce_melit_16M	HG790667
HG790667	Bruce_melit_16M	HG790666
HG790668	Bruce_melit_16M	HG790669
HG790669	Bruce_melit_16M	HG790668
HG790670	Bruce_melit_16M	HG790671
HG790671	Bruce_melit_16M	HG790670
HG790672	Bruce_melit_16M	HG790673
HG790673	Bruce_melit_16M	HG790672
HG790674	Bruce_melit_16M	HG790675
HG790675	Bruce_melit_16M	HG790674
HG790676	Bruce_melit_16M	HG790677
HG790677	Bruce_melit_16M	HG790676
HG790678	Bruce_melit_16M	HG790679
HG790679	Bruce_melit_16M	HG790678
HG790680	Bruce_melit_16M	HG790681
HG790681	Bruce_melit_16M	HG790680
HG790682	Bruce_melit_16M	HG790683
HG790683	Bruce_melit_16M	HG790682
HG790684	Bruce_melit_16M	HG790685
HG790685	Bruce_melit_16M	HG790684
HG790686	Bruce_melit_16M	HG790687
HG790687	Bruce_melit_16M	HG790686
HG790688	Bruce_melit_16M	HG790689
HG790689	Bruce_melit_16M	HG790688
HG790690	Bruce_melit_16M	HG790691
HG790691	Bruce_melit_16M	HG790690
HG790692	Bruce_melit_16M	HG790693
HG790693	Bruce_melit_16M	HG790692
HG790694	Bruce_melit_16M	HG790695
HG790695	Bruce_melit_16M	HG790694
HG790696	Bruce_melit_16M	HG790697
HG790697	Bruce_melit_16M	HG790696
HG790698	Bruce_melit_16M	HG790699
HG790699	Bruce_melit_16M	HG790698
HG790700	Bruce_melit_16M	HG790701
HG790701	Bruce_melit_16M	HG790700
HG790702	Bruce_melit_16M	HG790703
HG790703	Bruce_melit_16M	HG790702
HG790704	Bruce_melit_16M	HG790705
HG790705	Bruce_melit_16M	HG790704
HG790706	Bruce_melit_16M	HG790707
HG790707	Bruce_melit_16M	HG790706
HG790708	Bruce_melit_16M	HG790709
HG790709	Bruce_melit_16M	HG790708
HG790710	Bruce_melit_16M	HG790711
HG790711	Bruce_melit_16M	HG790710
HG790712	Bruce_melit_16M	HG790713
HG790713	Bruce_melit_16M	HG790712
HG790714	Bruce_melit_16M	HG790715
HG790715	Bruce_melit_16M	HG790714
HG790716	Bruce_melit_16M	HG790717
HG790717	Bruce_melit_16M	HG790716
HG790718	Bruce_melit_16M	HG790719
HG790719	Bruce_melit_16M	HG790718
HG790720	Bruce_melit_16M	HG790721
HG790721	Bruce_melit_16M	HG790720
HG790722	Bruce_melit_16M	HG790723
HG790723	Bruce_melit_16M	HG790722
HG790724	Bruce_melit_16M	HG790725
HG790725	Bruce_melit_16M	HG790724
HG790726	Bruce_melit_16M	HG790727
HG790727	Bruce_melit_16M	HG790726
HG790728	Bruce_melit_16M	HG790729
HG790729	Bruce_melit_16M	HG790728
HG790730	Bruce_melit_16M	HG790731
HG790731	Bruce_melit_16M	HG790730
HG790732	Bruce_melit_16M	HG790733
HG790733	Bruce_melit_16M	HG790732
HG790734	Bruce_melit_16M	HG790735
HG790735	Bruce_melit_16M	HG790734
HG790736	Bruce_melit_16M	HG790737
HG790737	Bruce_melit_16M	HG790736
HG790738	Bruce_melit_16M	HG790739
HG790739	Bruce_melit_16M	HG790738
HG790740	Bruce_melit_16M	HG790741
HG790741	Bruce_melit_16M	HG790740
HG790742	Bruce_melit_16M	HG790743
HG790743	Bruce_melit_16M	HG790742
HG790744	Bruce_melit_16M	HG790745
HG790745	Bruce_melit_16M	HG790744
HG790746	Bruce_melit_16M	HG790747
HG790747	Bruce_melit_16M	HG790746
HG790748	Bruce_melit_16M	HG790749
HG790749	Bruce_melit_16M	HG790748
HG790750	Bruce_melit_16M	HG790751
HG790751	Bruce_melit_16M	HG790750
HG790752	Bruce_melit_16M	HG790753
HG790753	Bruce_melit_16M	HG790752
HG790754	Bruce_melit_16M	HG790755
HG790755	Bruce_melit_16M	HG790754
HG790756	Bruce_melit_16M	HG790757
HG790757	Bruce_melit_16M	HG790756
HG790758	Bruce_melit_16M	HG790759
HG790759	Bruce_melit_16M	HG790758
HG790760	Bruce_melit_16M	HG790761
HG790761	Bruce_melit_16M	HG790760
HG790762	Bruce_melit_16M	HG790763
HG790763	Bruce_melit_16M	HG790762
HG790764	Bruce_melit_16M	HG790765
HG790765	Bruce_melit_16M	HG790764
HG790766	Bruce_melit_16M	HG790767
HG790767	Bruce_melit_16M	HG790766
HG790768	Bruce_melit_16M	HG790769
HG790769	Bruce_melit_16M	HG790768
HG790770	Bruce_melit_16M	HG790771
HG790771	Bruce_melit_16M	HG790770
HG790772	Bruce_melit_16M	HG790773
HG790773	Bruce_melit_16M	HG790772
HG790774	Bruce_melit_16M	HG790775
HG790775	Bruce_melit_16M	HG790774
HG790776	Bruce_melit_16M	HG790777
HG790777	Bruce_melit_16M	HG790776
HG790778	Bruce_melit_16M	HG790779
HG790779	Bruce_melit_16M	HG790778
HG790780	Bruce_melit_16M	HG790781
HG790781	Bruce_melit_16M	HG790780
HG790782	Bruce_melit_16M	HG790783
HG790783	Bruce_melit_16M	HG790782
HG790784	Bruce_melit_16M	HG790785
HG790785	Bruce_melit_16M	HG790784
HG790786	Bruce_melit_16M	HG790787
HG790787	Bruce_melit_16M	HG790786
HG790788	Bruce_melit_16M	HG790789
HG790789	Bruce_melit_16M	HG790788
HG790790	Bruce_melit_16M	HG790791
HG790791	Bruce_melit_16M	HG790790
HG790792	Bruce_melit_16M	HG790793
HG790793	Bruce_melit_16M	HG790792
HG790794	Bruce_melit_16M	HG790795
HG790795	Bruce_melit_16M	HG790794
HG790796	Bruce_melit_16M	HG790797
HG790797	Bruce_melit_16M	HG790796
HG790798	Bruce_melit_16M	HG790799
HG790799	Bruce_melit_16M	HG790798
HG790800	Bruce_melit_16M	HG790801
HG790801	Bruce_melit_16M	HG790800
HG790802	Bruce_melit_16M	HG790803
HG790803	Bruce_melit_16M	HG790802
HG790804	Bruce_melit_16M	HG790805
HG790805	Bruce_melit_16M	HG790804
HG790806	Bruce_melit_16M	HG790807
HG790807	Bruce_melit_16M	HG790806
HG790808	Bruce_melit_16M	HG790809
HG790809	Bruce_melit_16M	HG790808
HG790810	Bruce_melit_16M	HG790811
HG790811	Bruce_melit_16M	HG790810
HG790812	Bruce_melit_16M	HG790813
HG790813	Bruce_melit_16M	HG790812
HG790814	Bruce_melit_16M	HG790815
HG790815	Bruce_melit_16M	HG790814
HG790816	Bruce_melit_16M	HG790817
HG790817	Bruce_melit_16M	HG790816
HG790818	Bruce_melit_16M	HG790819
HG790819	Bruce_melit_16M	HG790818
HG790820	Bruce_melit_16M	HG790821
HG790821	Bruce_melit_16M	HG790820
HG790822	Bruce_melit_16M	HG790823
HG790823	Bruce_melit_16M	HG790822
HG790824	Bruce_melit_16M	HG790825
HG790825	Bruce_melit_16M	HG790824
HG790826	Bruce_melit_16M	HG790827
HG790827	Bruce_melit_16M	HG790826
HG790828	Bruce_ceti_M64493	HG790829
HG790829	Bruce_ceti_M64493	HG790828
HG790830	Bruce_ceti_M64493	HG790831
HG790831	Bruce_ceti_M64493	HG790830
HG790832	Bruce_ceti_M64493	HG790833
HG790833	Bruce_ceti_M64493	HG790832
HG790834	Bruce_ceti_M64493	HG790835
HG790835	Bruce_ceti_M64493	HG790834
HG790836	Bruce_ceti_M64493	HG790837
HG790837	Bruce_ceti_M64493	HG790836
HG790838	Bruce_ceti_M64493	HG790839
HG790839	Bruce_ceti_M64493	HG790838
HG790840	Bruce_ceti_M64493	HG790841
HG790841	Bruce_ceti_M64493	HG790840
HG790842	Bruce_ceti_M64493	HG790843
HG790843	Bruce_ceti_M64493	HG790842
HG790844	Bruce_ceti_M64493	HG790845
HG790845	Bruce_ceti_M64493	HG790844
HG790846	Bruce_ceti_M64493	HG790847
HG790847	Bruce_ceti_M64493	HG790846
HG790848	Bruce_ceti_M64493	HG790849
HG790849	Bruce_ceti_M64493	HG790848
HG790850	Bruce_ceti_M64493	HG790851
HG790851	Bruce_ceti_M64493	HG790850
HG790852	Bruce_ceti_M64493	HG790853
HG790853	Bruce_ceti_M64493	HG790852
HG790854	Bruce_ceti_M64493	HG790855
HG790855	Bruce_ceti_M64493	HG790854
HG790856	Bruce_ceti_M64493	HG790857
HG790857	Bruce_ceti_M64493	HG790856
HG790858	Bruce_ceti_M64493	HG790859
HG790859	Bruce_ceti_M64493	HG790858
HG790860	Bruce_ceti_M64493	HG790861
HG790861	Bruce_ceti_M64493	HG790860
HG790862	Bruce_ceti_M64493	HG790863
HG790863	Bruce_ceti_M64493	HG790862
HG790864	Bruce_ceti_M64493	HG790865
HG790865	Bruce_ceti_M64493	HG790864
HG790866	Bruce_ceti_M64493	HG790867
HG790867	Bruce_ceti_M64493	HG790866
HG790868	Bruce_ceti_M64493	HG790869
HG790869	Bruce_ceti_M64493	HG790868
HG790870	Bruce_ceti_M64493	HG790871
HG790871	Bruce_ceti_M64493	HG790870
HG790872	Bruce_ceti_M64493	HG790873
HG790873	Bruce_ceti_M64493	HG790872
HG790874	Bruce_ceti_M64493	HG790875
HG790875	Bruce_ceti_M64493	HG790874
HG790876	Bruce_ceti_M64493	HG790877
HG790877	Bruce_ceti_M64493	HG790876
HG790878	Bruce_ceti_M64493	HG790879
HG790879	Bruce_ceti_M64493	HG790878
HG790880	Bruce_ceti_M64493	HG790881
HG790881	Bruce_ceti_M64493	HG790880
HG790882	Bruce_ceti_M64493	HG790883
HG790883	Bruce_ceti_M64493	HG790882
HG790884	Bruce_ceti_M64493	HG790885
HG790885	Bruce_ceti_M64493	HG790884
HG790886	Bruce_ceti_M64493	HG790887
HG790887	Bruce_ceti_M64493	HG790886
HG790888	Bruce_ceti_M64493	HG790889
HG790889	Bruce_ceti_M64493	HG790888
HG790890	Bruce_ceti_M64493	HG790891
HG790891	Bruce_ceti_M64493	HG790890
HG790892	Bruce_ceti_M64493	HG790893
HG790893	Bruce_ceti_M64493	HG790892
HG790894	Bruce_ceti_M64493	HG790895
HG790895	Bruce_ceti_M64493	HG790894
HG790896	Bruce_abort_9941	HG790897
HG790897	Bruce_abort_9941	HG790896
HG790898	Bruce_abort_9941	HG790899
HG790899	Bruce_abort_9941	HG790898
HG790900	Bruce_abort_9941	HG790901
HG790901	Bruce_abort_9941	HG790900
HG790902	Bruce_abort_9941	HG790903
HG790903	Bruce_abort_9941	HG790902
HG790904	Bruce_abort_9941	HG790905
HG790905	Bruce_abort_9941	HG790904
HG790906	Bruce_abort_9941	HG790907
HG790907	Bruce_abort_9941	HG790906
HG790908	Bruce_abort_9941	HG790909
HG790909	Bruce_abort_9941	HG790908
HG790910	Bruce_abort_9941	HG790911
HG790911	Bruce_abort_9941	HG790910
HG790912	Bruce_abort_9941	HG790913
HG790913	Bruce_abort_9941	HG790912
HG790914	Bruce_abort_9941	HG790915
HG790915	Bruce_abort_9941	HG790914
HG790916	Bruce_abort_9941	HG790917
HG790917	Bruce_abort_9941	HG790916
HG790918	Bruce_abort_9941	HG790919
HG790919	Bruce_abort_9941	HG790918
HG790920	Bruce_abort_9941	HG790921
HG790921	Bruce_abort_9941	HG790920
HG790922	Bruce_abort_9941	HG790923
HG790923	Bruce_abort_9941	HG790922
HG790924	Bruce_abort_9941	HG790925
HG790925	Bruce_abort_9941	HG790924
HG790926	Bruce_abort_9941	HG790927
HG790927	Bruce_abort_9941	HG790926
HG790928	Bruce_abort_9941	HG790929
HG790929	Bruce_abort_9941	HG790928
HG790930	Bruce_abort_9941	HG790931
HG790931	Bruce_abort_9941	HG790930
HG790932	Bruce_abort_9941	HG790933
HG790933	Bruce_abort_9941	HG790932
HG790934	Bruce_abort_9941	HG790935
HG790935	Bruce_abort_9941	HG790934
HG790936	Bruce_abort_9941	HG790937
HG790937	Bruce_abort_9941	HG790936
HG790938	Bruce_abort_9941	HG790939
HG790939	Bruce_abort_9941	HG790938
HG790940	Bruce_abort_9941	HG790941
HG790941	Bruce_abort_9941	HG790940
HG790942	Bruce_abort_9941	HG790943
HG790943	Bruce_abort_9941	HG790942
HG790944	Bruce_abort_9941	HG790945
HG790945	Bruce_abort_9941	HG790944
HG790946	Bruce_abort_9941	HG790947
HG790947	Bruce_abort_9941	HG790946
HG790948	Bruce_abort_9941	HG790949
HG790949	Bruce_abort_9941	HG790948
HG790950	Bruce_abort_9941	HG790951
HG790951	Bruce_abort_9941	HG790950
HG790952	Bruce_abort_9941	HG790953
HG790953	Bruce_abort_9941	HG790952
HG790954	Bruce_abort_9941	HG790955
HG790955	Bruce_abort_9941	HG790954
HG790956	Bruce_abort_9941	HG790957
HG790957	Bruce_abort_9941	HG790956
HG790958	Bruce_abort_9941	HG790959
HG790959	Bruce_abort_9941	HG790958
HG790960	Bruce_abort_9941	HG790961
HG790961	Bruce_abort_9941	HG790960
HG790962	Bruce_abort_9941	HG790963
HG790963	Bruce_abort_9941	HG790962
HG790964	Bruce_abort_9941	HG790965
HG790965	Bruce_abort_9941	HG790964
HG790966	Bruce_abort_9941	HG790967
HG790967	Bruce_abort_9941	HG790966
HG790968	Bruce_abort_9941	HG790969
HG790969	Bruce_abort_9941	HG790968
HG790970	Bruce_abort_9941	HG790971
HG790971	Bruce_abort_9941	HG790970
HG790972	Bruce_abort_9941	HG790973
HG790973	Bruce_abort_9941	HG790972
HG790974	Bruce_abort_9941	HG790975
HG790975	Bruce_abort_9941	HG790974
HG790976	Bruce_abort_9941	HG790977
HG790977	Bruce_abort_9941	HG790976
HG790978	Bruce_abort_9941	HG790979
HG790979	Bruce_abort_9941	HG790978
HG790980	Bruce_abort_9941	HG790981
HG790981	Bruce_abort_9941	HG790980
HG790982	Bruce_abort_9941	HG790983
HG790983	Bruce_abort_9941	HG790982
HG790984	Bruce_abort_9941	HG790985
HG790985	Bruce_abort_9941	HG790984
HG790986	Bruce_abort_9941	HG790987
HG790987	Bruce_abort_9941	HG790986
HG790988	Bruce_abort_9941	HG790989
HG790989	Bruce_abort_9941	HG790988
HG790990	Bruce_abort_9941	HG790991
HG790991	Bruce_abort_9941	HG790990
HG790992	Bruce_abort_9941	HG790993
HG790993	Bruce_abort_9941	HG790992
HG790994	Bruce_abort_9941	HG790995
HG790995	Bruce_abort_9941	HG790994
HG790996	Bruce_abort_9941	HG790997
HG790997	Bruce_abort_9941	HG790996
HG790998	Bruce_abort_9941	HG790999
HG790999	Bruce_abort_9941	HG790998
HG791000	Bruce_abort_9941	HG791001
HG791001	Bruce_abort_9941	HG791000
HG791002	Bruce_abort_9941	HG791003
HG791003	Bruce_abort_9941	HG791002
HG791004	Bruce_abort_9941	HG791005
HG791005	Bruce_abort_9941	HG791004
HG791006	Bruce_abort_9941	HG791007
HG791007	Bruce_abort_9941	HG791006
HG791008	Bruce_abort_9941	HG791009
HG791009	Bruce_abort_9941	HG791008
HG791010	Bruce_abort_9941	HG791011
HG791011	Bruce_abort_9941	HG791010
HG791012	Bruce_abort_9941	HG791013
HG791013	Bruce_abort_9941	HG791012
HG791014	Bruce_abort_9941	HG791015
HG791015	Bruce_abort_9941	HG791014
HG791016	Bruce_abort_9941	HG791017
HG791017	Bruce_abort_9941	HG791016
HG791018	Bruce_abort_9941	HG791019
HG791019	Bruce_abort_9941	HG791018
HG791020	Bruce_abort_9941	HG791021
HG791021	Bruce_abort_9941	HG791020
HG791022	Bruce_abort_9941	HG791023
HG791023	Bruce_abort_9941	HG791022
HG791024	Bruce_abort_9941	HG791025
HG791025	Bruce_abort_9941	HG791024
HG791026	Bruce_abort_9941	HG791027
HG791027	Bruce_abort_9941	HG791026
HG791028	Bruce_abort_9941	HG791029
HG791029	Bruce_abort_9941	HG791028
HG791030	Bruce_abort_9941	HG791031
HG791031	Bruce_abort_9941	HG791030
HG791032	Bruce_abort_9941	HG791033
HG791033	Bruce_abort_9941	HG791032
HG791034	Bruce_abort_9941	HG791035
HG791035	Bruce_abort_9941	HG791034
HG791036	Bruce_abort_9941	HG791037
HG791037	Bruce_abort_9941	HG791036
HG791038	Bruce_abort_9941	HG791039
HG791039	Bruce_abort_9941	HG791038
HG791040	Bruce_abort_9941	HG791041
HG791041	Bruce_abort_9941	HG791040
HG791042	Bruce_abort_9941	HG791043
HG791043	Bruce_abort_9941	HG791042
HG791044	Bruce_abort_9941	HG791045
HG791045	Bruce_abort_9941	HG791044
HG791046	Bruce_abort_9941	HG791047
HG791047	Bruce_abort_9941	HG791046
HG791048	Bruce_abort_9941	HG791049
HG791049	Bruce_abort_9941	HG791048
HG791050	Bruce_abort_9941	HG791051
HG791051	Bruce_abort_9941	HG791050
HG791052	Bruce_abort_9941	HG791053
HG791053	Bruce_abort_9941	HG791052
HG791054	Bruce_abort_9941	HG791055
HG791055	Bruce_abort_9941	HG791054
HG791056	Bruce_abort_9941	HG791057
HG791057	Bruce_abort_9941	HG791056
HG791058	Bruce_abort_9941	HG791059
HG791059	Bruce_abort_9941	HG791058
HG791060	Bruce_abort_9941	HG791061
HG791061	Bruce_abort_9941	HG791060
HG791062	Bruce_abort_9941	HG791063
HG791063	Bruce_abort_9941	HG791062
HG791064	Bruce_abort_9941	HG791065
HG791065	Bruce_abort_9941	HG791064
HG791066	Bruce_abort_9941	HG791067
HG791067	Bruce_abort_9941	HG791066
HG791068	Bruce_abort_9941	HG791069
HG791069	Bruce_abort_9941	HG791068
HG791070	Bruce_abort_9941	HG791071
HG791071	Bruce_abort_9941	HG791070
HG791072	Bruce_abort_9941	HG791073
HG791073	Bruce_abort_9941	HG791072
HG791074	Bruce_abort_9941	HG791075
HG791075	Bruce_abort_9941	HG791074
HG791076	Bruce_abort_9941	HG791077
HG791077	Bruce_abort_9941	HG791076
HG791078	Bruce_abort_9941	HG791079
HG791079	Bruce_abort_9941	HG791078
HG791080	Bruce_abort_9941	HG791081
HG791081	Bruce_abort_9941	HG791080
HG791082	Bruce_abort_9941	HG791083
HG791083	Bruce_abort_9941	HG791082
HG791084	Bruce_abort_9941	HG791085
HG791085	Bruce_abort_9941	HG791084
HG791086	Bruce_abort_9941	HG791087
HG791087	Bruce_abort_9941	HG791086
HG791088	Bruce_abort_9941	HG791089
HG791089	Bruce_abort_9941	HG791088
HG791090	Bruce_abort_9941	HG791091
HG791091	Bruce_abort_9941	HG791090
HG791092	Bruce_abort_9941	HG791093
HG791093	Bruce_abort_9941	HG791092
HG791094	Bruce_abort_9941	HG791095
HG791095	Bruce_abort_9941	HG791094
HG791096	Bruce_abort_9941	HG791097
HG791097	Bruce_abort_9941	HG791096
HG791098	Bruce_abort_9941	HG791099
HG791099	Bruce_abort_9941	HG791098
HG791100	Bruce_abort_9941	HG791101
HG791101	Bruce_abort_9941	HG791100
HG791102	Bruce_abort_9941	HG791103
HG791103	Bruce_abort_9941	HG791102
HG791104	Bruce_abort_9941	HG791105
HG791105	Bruce_abort_9941	HG791104
HG791106	Bruce_abort_9941	HG791107
HG791107	Bruce_abort_9941	HG791106
HG791108	Bruce_abort_9941	HG791109
HG791109	Bruce_abort_9941	HG791108
HG791110	Bruce_abort_9941	HG791111
HG791111	Bruce_abort_9941	HG791110
HG791112	Bruce_abort_9941	HG791113
HG791113	Bruce_abort_9941	HG791112
HG791114	Bruce_abort_9941	HG791115
HG791115	Bruce_abort_9941	HG791114
HG791116	Bruce_abort_9941	HG791117
HG791117	Bruce_abort_9941	HG791116
HG791118	Bruce_abort_9941	HG791119
HG791119	Bruce_abort_9941	HG791118
HG791120	Bruce_abort_9941	HG791121
HG791121	Bruce_abort_9941	HG791120
HG791122	Bruce_abort_9941	HG791123
HG791123	Bruce_abort_9941	HG791122
HG791124	Bruce_abort_9941	HG791125
HG791125	Bruce_abort_9941	HG791124
HG791126	Bruce_abort_9941	HG791127
HG791127	Bruce_abort_9941	HG791126
HG791128	Bruce_abort_9941	HG791129
HG791129	Bruce_abort_9941	HG791128
HG791130	Bruce_abort_9941	HG791131
HG791131	Bruce_abort_9941	HG791130
HG791132	Bruce_abort_9941	HG791133
HG791133	Bruce_abort_9941	HG791132
HG791134	Bruce_abort_9941	HG791135
HG791135	Bruce_abort_9941	HG791134
HG791136	Bruce_abort_9941	HG791137
HG791137	Bruce_abort_9941	HG791136
HG791138	Bruce_abort_9941	HG791139
HG791139	Bruce_abort_9941	HG791138
HG791140	Bruce_abort_9941	HG791141
HG791141	Bruce_abort_9941	HG791140
HG791142	Bruce_abort_9941	HG791143
HG791143	Bruce_abort_9941	HG791142
HG791144	Bruce_abort_9941	HG791145
HG791145	Bruce_abort_9941	HG791144
HG791146	Bruce_abort_9941	HG791147
HG791147	Bruce_abort_9941	HG791146
HG791148	Bruce_abort_9941	HG791149
HG791149	Bruce_abort_9941	HG791148
HG791150	Bruce_abort_9941	HG791151
HG791151	Bruce_abort_9941	HG791150
HG791152	Bruce_abort_9941	HG791153
HG791153	Bruce_abort_9941	HG791152
HG791154	Bruce_abort_9941	HG791155
HG791155	Bruce_abort_9941	HG791154
HG791156	Bruce_abort_9941	HG791157
HG791157	Bruce_abort_9941	HG791156
HG791158	Bruce_abort_9941	HG791159
HG791159	Bruce_abort_9941	HG791158
HG791160	Bruce_abort_9941	HG791161
HG791161	Bruce_abort_9941	HG791160
HG791162	Bruce_abort_9941	HG791163
HG791163	Bruce_abort_9941	HG791162
HG791164	Bruce_abort_9941	HG791165
HG791165	Bruce_abort_9941	HG791164
HG791166	Bruce_abort_9941	HG791167
HG791167	Bruce_abort_9941	HG791166
HG791168	Bruce_abort_9941	HG791169
HG791169	Bruce_abort_9941	HG791168
HG791170	Bruce_abort_9941	HG791171
HG791171	Bruce_abort_9941	HG791170
HG791172	Bruce_abort_9941	HG791173
HG791173	Bruce_abort_9941	HG791172
HG791174	Bruce_abort_9941	HG791175
HG791175	Bruce_abort_9941	HG791174
HG791176	Bruce_abort_9941	HG791177
HG791177	Bruce_abort_9941	HG791176
HG791178	Bruce_abort_9941	HG791179
HG791179	Bruce_abort_9941	HG791178
HG791180	Bruce_abort_9941	HG791181
HG791181	Bruce_abort_9941	HG791180
HG791182	Bruce_abort_9941	HG791183
HG791183	Bruce_abort_9941	HG791182
HG791184	Bruce_abort_9941	HG791185
HG791185	Bruce_abort_9941	HG791184
HG791186	Bruce_abort_9941	HG791187
HG791187	Bruce_abort_9941	HG791186
HG791188	Bruce_abort_9941	HG791189
HG791189	Bruce_abort_9941	HG791188
HG791190	Bruce_abort_9941	HG791191
HG791191	Bruce_abort_9941	HG791190
HG791192	Bruce_abort_9941	HG791193
HG791193	Bruce_abort_9941	HG791192
HG791194	Bruce_abort_9941	HG791195
HG791195	Bruce_abort_9941	HG791194
HG791196	Bruce_abort_9941	HG791197
HG791197	Bruce_abort_9941	HG791196
HG791198	Bruce_abort_9941	HG791199
HG791199	Bruce_abort_9941	HG791198
HG791200	Bruce_abort_9941	HG791201
HG791201	Bruce_abort_9941	HG791200
HG791202	Bruce_abort_9941	HG791203
HG791203	Bruce_abort_9941	HG791202
HG791204	Bruce_abort_9941	HG791205
HG791205	Bruce_abort_9941	HG791204
HG791206	Bruce_abort_9941	HG791207
HG791207	Bruce_abort_9941	HG791206
HG791208	Bruce_abort_9941	HG791209
HG791209	Bruce_abort_9941	HG791208
HG791210	Bruce_abort_9941	HG791211
HG791211	Bruce_abort_9941	HG791210
HG791212	Bruce_abort_9941	HG791213
HG791213	Bruce_abort_9941	HG791212
HG791214	Bruce_abort_9941	HG791215
HG791215	Bruce_abort_9941	HG791214
HG791216	Bruce_abort_9941	HG791217
HG791217	Bruce_abort_9941	HG791216
HG791218	Bruce_abort_9941	HG791219
HG791219	Bruce_abort_9941	HG791218
HG791220	Bruce_abort_9941	HG791221
HG791221	Bruce_abort_9941	HG791220
HG791222	Bruce_abort_9941	HG791223
HG791223	Bruce_abort_9941	HG791222
HG791224	Bruce_abort_9941	HG791225
HG791225	Bruce_abort_9941	HG791224
HG791226	Bruce_abort_9941	HG791227
HG791227	Bruce_abort_9941	HG791226
HG791228	Bruce_abort_9941	HG791229
HG791229	Bruce_abort_9941	HG791228
HG791230	Bruce_abort_9941	HG791231
HG791231	Bruce_abort_9941	HG791230
HG791232	Bruce_abort_9941	HG791233
HG791233	Bruce_abort_9941	HG791232
HG791234	Bruce_abort_9941	HG791235
HG791235	Bruce_abort_9941	HG791234
HG791236	Bruce_abort_9941	HG791237
HG791237	Bruce_abort_9941	HG791236
HG791238	Bruce_abort_9941	HG791239
HG791239	Bruce_abort_9941	HG791238
HG791240	Bruce_abort_9941	HG791241
HG791241	Bruce_abort_9941	HG791240
HG791242	Bruce_abort_9941	HG791243
HG791243	Bruce_abort_9941	HG791242
HG791244	Bruce_abort_9941	HG791245
HG791245	Bruce_abort_9941	HG791244
HG791246	Bruce_abort_9941	HG791247
HG791247	Bruce_abort_9941	HG791246
HG791248	Bruce_abort_9941	HG791249
HG791249	Bruce_abort_9941	HG791248
HG791250	Bruce_abort_9941	HG791251
HG791251	Bruce_abort_9941	HG791250
HG791252	Bruce_abort_9941	HG791253
HG791253	Bruce_abort_9941	HG791252
HG791254	Bruce_abort_9941	HG791255
HG791255	Bruce_abort_9941	HG791254
HG791256	Bruce_abort_9941	HG791257
HG791257	Bruce_abort_9941	HG791256
HG791258	Bruce_abort_9941	HG791259
HG791259	Bruce_abort_9941	HG791258
HG791260	Bruce_abort_9941	HG791261
HG791261	Bruce_abort_9941	HG791260
HG791262	Bruce_abort_9941	HG791263
HG791263	Bruce_abort_9941	HG791262
HG791264	Bruce_abort_9941	HG791265
HG791265	Bruce_abort_9941	HG791264
HG791266	Bruce_abort_9941	HG791267
HG791267	Bruce_abort_9941	HG791266
HG791268	Bruce_abort_9941	HG791269
HG791269	Bruce_abort_9941	HG791268
HG791270	Bruce_abort_9941	HG791271
HG791271	Bruce_abort_9941	HG791270
HG791272	Bruce_abort_9941	HG791273
HG791273	Bruce_abort_9941	HG791272
HG791274	Bruce_abort_9941	HG791275
HG791275	Bruce_abort_9941	HG791274
HG791276	Bruce_abort_9941	HG791277
HG791277	Bruce_abort_9941	HG791276
HG791278	Bruce_abort_9941	HG791279
HG791279	Bruce_abort_9941	HG791278
HG791280	Bruce_abort_9941	HG791281
HG791281	Bruce_abort_9941	HG791280
HG791282	Bruce_abort_9941	HG791283
HG791283	Bruce_abort_9941	HG791282
HG791284	Bruce_abort_9941	HG791285
HG791285	Bruce_abort_9941	HG791284
HG791286	Bruce_abort_9941	HG791287
HG791287	Bruce_abort_9941	HG791286
HG791288	Bruce_ovis_25840	HG791289
HG791289	Bruce_ovis_25840	HG791288
HG791290	Bruce_ovis_25840	HG791291
HG791291	Bruce_ovis_25840	HG791290
HG791292	Bruce_ovis_25840	HG791293
HG791293	Bruce_ovis_25840	HG791292
HG791294	Bruce_ovis_25840	HG791295
HG791295	Bruce_ovis_25840	HG791294
HG791296	Bruce_ovis_25840	HG791297
HG791297	Bruce_ovis_25840	HG791296
HG791298	Bruce_ovis_25840	HG791299
HG791299	Bruce_ovis_25840	HG791298
HG791300	Bruce_ovis_25840	HG791301
HG791301	Bruce_ovis_25840	HG791300
HG791302	Bruce_ovis_25840	HG791303
HG791303	Bruce_ovis_25840	HG791302
HG791304	Bruce_ovis_25840	HG791305
HG791305	Bruce_ovis_25840	HG791304
HG791306	Bruce_ovis_25840	HG791307
HG791307	Bruce_ovis_25840	HG791306
HG791308	Bruce_ovis_25840	HG791309
HG791309	Bruce_ovis_25840	HG791308
HG791310	Bruce_ovis_25840	HG791311
HG791311	Bruce_ovis_25840	HG791310
HG791312	Bruce_ovis_25840	HG791313
HG791313	Bruce_ovis_25840	HG791312
HG791314	Bruce_ovis_25840	HG791315
HG791315	Bruce_ovis_25840	HG791314
HG791316	Bruce_ovis_25840	HG791317
HG791317	Bruce_ovis_25840	HG791316
HG791318	Bruce_ovis_25840	HG791319
HG791319	Bruce_ovis_25840	HG791318
HG791320	Bruce_ovis_25840	HG791321
HG791321	Bruce_ovis_25840	HG791320
HG791322	Bruce_ovis_25840	HG791323
HG791323	Bruce_ovis_25840	HG791322
HG791324	Bruce_ovis_25840	HG791325
HG791325	Bruce_ovis_25840	HG791324
HG791326	Bruce_canis_23365	HG791327
HG791327	Bruce_canis_23365	HG791326
HG791328	Bruce_canis_23365	HG791329
HG791329	Bruce_canis_23365	HG791328
HG791330	Bruce_canis_23365	HG791331
HG791331	Bruce_canis_23365	HG791330
HG791332	Bruce_canis_23365	HG791333
HG791333	Bruce_canis_23365	HG791332
HG791334	Bruce_canis_23365	HG791335
HG791335	Bruce_canis_23365	HG791334
HG791336	Bruce_canis_23365	HG791337
HG791337	Bruce_canis_23365	HG791336
HG791338	Bruce_canis_23365	HG791339
HG791339	Bruce_canis_23365	HG791338
HG791340	Bruce_canis_23365	HG791341
HG791341	Bruce_canis_23365	HG791340
HG791342	Bruce_canis_23365	HG791343
HG791343	Bruce_canis_23365	HG791342
HG791344	Bruce_canis_23365	HG791345
HG791345	Bruce_canis_23365	HG791344
HG791346	Bruce_canis_23365	HG791347
HG791347	Bruce_canis_23365	HG791346
HG791348	Bruce_canis_23365	HG791349
HG791349	Bruce_canis_23365	HG791348
HG791350	Bruce_canis_23365	HG791351
HG791351	Bruce_canis_23365	HG791350
HG791352	Bruce_canis_23365	HG791353
HG791353	Bruce_canis_23365	HG791352
HG791354	Bruce_canis_23365	HG791355
HG791355	Bruce_canis_23365	HG791354
HG791356	Bruce_canis_23365	HG791357
HG791357	Bruce_canis_23365	HG791356
HG791358	Bruce_canis_23365	HG791359
HG791359	Bruce_canis_23365	HG791358
HG791360	Bruce_canis_23365	HG791361
HG791361	Bruce_canis_23365	HG791360
HG791362	Bruce_canis_23365	HG791363
HG791363	Bruce_canis_23365	HG791362
HG791364	Bruce_canis_23365	HG791365
HG791365	Bruce_canis_23365	HG791364
HG791366	Bruce_canis_23365	HG791367
HG791367	Bruce_canis_23365	HG791366
HG791368	Bruce_canis_23365	HG791369
HG791369	Bruce_canis_23365	HG791368
HG791370	Bruce_canis_23365	HG791371
HG791371	Bruce_canis_23365	HG791370
HG791372	Bruce_canis_23365	HG791373
HG791373	Bruce_canis_23365	HG791372
HG791374	Bruce_canis_23365	HG791375
HG791375	Bruce_canis_23365	HG791374
HG791376	Bruce_canis_23365	HG791377
HG791377	Bruce_canis_23365	HG791376
HG791378	Bruce_canis_23365	HG791379
HG791379	Bruce_canis_23365	HG791378
HG791380	Bruce_canis_23365	HG791381
HG791381	Bruce_canis_23365	HG791380
HG791382	Bruce_canis_23365	HG791383
HG791383	Bruce_canis_23365	HG791382
HG791384	Bruce_canis_23365	HG791385
HG791385	Bruce_canis_23365	HG791384
HG791386	Bruce_canis_23365	HG791387
HG791387	Bruce_canis_23365	HG791386
HG791388	Bruce_canis_23365	HG791389
HG791389	Bruce_canis_23365	HG791388
HG791390	Bruce_suis_23445	HG791391
HG791391	Bruce_suis_23445	HG791390
HG791392	Bruce_suis_23445	HG791393
HG791393	Bruce_suis_23445	HG791392
HG791394	Bruce_suis_23445	HG791395
HG791395	Bruce_suis_23445	HG791394
HG791396	Bruce_suis_23445	HG791397
HG791397	Bruce_suis_23445	HG791396
HG791398	Bruce_suis_23445	HG791399
HG791399	Bruce_suis_23445	HG791398
HG791400	Bruce_suis_23445	HG791401
HG791401	Bruce_suis_23445	HG791400
HG791402	Bruce_suis_23445	HG791403
HG791403	Bruce_suis_23445	HG791402
HG791404	Bruce_suis_23445	HG791405
HG791405	Bruce_suis_23445	HG791404
HG791406	Bruce_suis_23445	HG791407
HG791407	Bruce_suis_23445	HG791406
HG791408	Bruce_suis_23445	HG791409
HG791409	Bruce_suis_23445	HG791408
HG791410	Bruce_suis_23445	HG791411
HG791411	Bruce_suis_23445	HG791410
HG791412	Bruce_suis_23445	HG791413
HG791413	Bruce_suis_23445	HG791412
HG791414	Bruce_suis_23445	HG791415
HG791415	Bruce_suis_23445	HG791414
HG791416	Bruce_suis_23445	HG791417
HG791417	Bruce_suis_23445	HG791416
HG791418	Bruce_suis_23445	HG791419
HG791419	Bruce_suis_23445	HG791418
HG791420	Bruce_suis_23445	HG791421
HG791421	Bruce_suis_23445	HG791420
HG791422	Bruce_suis_23445	HG791423
HG791423	Bruce_suis_23445	HG791422
HG791424	Bruce_suis_23445	HG791425
HG791425	Bruce_suis_23445	HG791424
HG791426	Bruce_suis_23445	HG791427
HG791427	Bruce_suis_23445	HG791426
HG791428	Bruce_suis_23445	HG791429
HG791429	Bruce_suis_23445	HG791428
HG791430	Bruce_suis_23445	HG791431
HG791431	Bruce_suis_23445	HG791430
HG791432	Bruce_suis_23445	HG791433
HG791433	Bruce_suis_23445	HG791432
HG791434	Bruce_suis_23445	HG791435
HG791435	Bruce_suis_23445	HG791434
HG791436	Bruce_suis_23445	HG791437
HG791437	Bruce_suis_23445	HG791436
HG791438	Bruce_suis_23445	HG791439
HG791439	Bruce_suis_23445	HG791438
HG791440	Bruce_suis_23445	HG791441
HG791441	Bruce_suis_23445	HG791440
HG791442	Bruce_suis_23445	HG791443
HG791443	Bruce_suis_23445	HG791442
HG791444	Bruce_suis_23445	HG791445
HG791445	Bruce_suis_23445	HG791444
HG791446	Bruce_suis_23445	HG791447
HG791447	Bruce_suis_23445	HG791446
HG791448	Bruce_suis_23445	HG791449
HG791449	Bruce_suis_23445	HG791448
HG791450	Bruce_suis_23445	HG791451
HG791451	Bruce_suis_23445	HG791450
HG791452	Bruce_suis_23445	HG791453
HG791453	Bruce_suis_23445	HG791452
HG791454	Bruce_suis_23445	HG791455
HG791455	Bruce_suis_23445	HG791454
HG791456	Bruce_suis_23445	HG791457
HG791457	Bruce_suis_23445	HG791456
HG791458	Bruce_suis_23445	HG791459
HG791459	Bruce_suis_23445	HG791458
HG791460	Bruce_suis_23445	HG791461
HG791461	Bruce_suis_23445	HG791460
HG791462	Bruce_suis_23445	HG791463
HG791463	Bruce_suis_23445	HG791462
HG791464	Bruce_suis_23445	HG791465
HG791465	Bruce_suis_23445	HG791464
HG791466	Bruce_suis_23445	HG791467
HG791467	Bruce_suis_23445	HG791466
HG791468	Bruce_suis_23445	HG791469
HG791469	Bruce_suis_23445	HG791468
HG791470	Bruce_suis_23445	HG791471
HG791471	Bruce_suis_23445	HG791470
HG791472	Bruce_suis_23445	HG791473
HG791473	Bruce_suis_23445	HG791472
HG791474	Bruce_suis_23445	HG791475
HG791475	Bruce_suis_23445	HG791474
HG791476	Bruce_suis_23445	HG791477
HG791477	Bruce_suis_23445	HG791476
HG791478	Bruce_suis_23445	HG791479
HG791479	Bruce_suis_23445	HG791478
HG791480	Bruce_suis_23445	HG791481
HG791481	Bruce_suis_23445	HG791480
HG791482	Bruce_suis_23445	HG791483
HG791483	Bruce_suis_23445	HG791482
HG791484	Bruce_suis_23445	HG791485
HG791485	Bruce_suis_23445	HG791484
HG791486	Bruce_suis_23445	HG791487
HG791487	Bruce_suis_23445	HG791486
HG791488	Bruce_suis_23445	HG791489
HG791489	Bruce_suis_23445	HG791488
HG791490	Bruce_suis_23445	HG791491
HG791491	Bruce_suis_23445	HG791490
HG791492	Bruce_suis_23445	HG791493
HG791493	Bruce_suis_23445	HG791492
HG791494	Bruce_suis_23445	HG791495
HG791495	Bruce_suis_23445	HG791494
HG791496	Bruce_suis_23445	HG791497
HG791497	Bruce_suis_23445	HG791496
HG791498	Bruce_suis_23445	HG791499
HG791499	Bruce_suis_23445	HG791498
HG791500	Bruce_suis_23445	HG791501
HG791501	Bruce_suis_23445	HG791500
HG791502	Ochro_anthr_49188	HG791503
HG791503	Ochro_anthr_49188	HG791502
HG791504	Ochro_anthr_49188	HG791505
HG791505	Ochro_anthr_49188	HG791504
HG791506	Ochro_anthr_49188	HG791507
HG791507	Ochro_anthr_49188	HG791506
HG791508	Ochro_anthr_49188	HG791509
HG791509	Ochro_anthr_49188	HG791508
HG791510	Sphin_alask_RB2256	HG791511
HG791511	Sphin_alask_RB2256	HG791510
HG791512	Sphin_alask_RB2256	none
HG791513	Mesor_oppor_WSM207	HG791514
HG791514	Mesor_oppor_WSM207	HG791513
HG791515	Mesor_cicer_WSM127	HG791516
HG791516	Mesor_cicer_WSM127	HG791515
HG791517	Mesor_loti_MAFF30	HG791518
HG791518	Mesor_loti_MAFF30	HG791517
HG791519	Mesor_loti_MAFF30	HG791520
HG791520	Mesor_loti_MAFF30	HG791519
HG791521	Mesor_loti_MAFF30	HG791522
HG791522	Mesor_loti_MAFF30	HG791521
HG791523	Maric_maris_MCS10	HG791524
HG791524	Maric_maris_MCS10	HG791523
HG791525	Acidi_crypt_JF5	HG791526
HG791526	Acidi_crypt_JF5	HG791525
HG791527	Acidi_crypt_JF5	HG791528
HG791528	Acidi_crypt_JF5	HG791527
HG791529	Rhodo_palus_CGA009	HG791530
HG791530	Rhodo_palus_CGA009	HG791529
HG791531	Rhodo_palus_CGA009	HG791532
HG791532	Rhodo_palus_CGA009	HG791531
HG791533	Rhodo_palus_BisB5	HG791534
HG791534	Rhodo_palus_BisB5	HG791533
HG791535	Rhodo_palus_HaA2	HG791536
HG791536	Rhodo_palus_HaA2	HG791535
HG791537	Ralst_eutro_JMP134.2	HG791538
HG791538	Ralst_eutro_JMP134.2	HG791537
HG791539	Rhodo_palus_DX1	HG791540
HG791540	Rhodo_palus_DX1	HG791539
HG791541	Rhodo_cente_SW	HG791542
HG791542	Rhodo_cente_SW	HG791541
HG791543	Pheny_zucin_HLK1	HG791544
HG791544	Pheny_zucin_HLK1	HG791543
HG791545	Azosp_sp_B510	HG791546
HG791546	Azosp_sp_B510	HG791545
HG791547	Azosp_lipof_4B	HG791548
HG791548	Azosp_lipof_4B	HG791547
HG791549	Chela_sp_BNC1	HG791550
HG791550	Chela_sp_BNC1	HG791549
HG791551	Chela_sp_BNC1	HG791552
HG791552	Chela_sp_BNC1	HG791551
HG791553	Proch_marin_NATL1A	HG791554
HG791554	Proch_marin_NATL1A	HG791553
HG791555	Proch_marin_NATL2A	HG791556
HG791556	Proch_marin_NATL2A	HG791555
HG791557	Hypho_neptu_15444	HG791558
HG791558	Hypho_neptu_15444	HG791557
HG791559	Gloeo_viola_7421	HG791560
HG791560	Gloeo_viola_7421	HG791559
HG791561	Aceto_paste_IFO328	HG791562
HG791562	Aceto_paste_IFO328	HG791561
HG791563	Aceto_paste_IFO328	HG791564
HG791564	Aceto_paste_IFO328	HG791563
HG791565	Aceto_paste_IFO328	HG791566
HG791566	Aceto_paste_IFO328	HG791565
HG791567	Aceto_paste_IFO328	HG791568
HG791568	Aceto_paste_IFO328	HG791567
HG791569	Aceto_paste_IFO328	HG791570
HG791570	Aceto_paste_IFO328	HG791569
HG791571	Aceto_paste_IFO328	HG791572
HG791572	Aceto_paste_IFO328	HG791571
HG791573	Aceto_paste_IFO328	HG791574
HG791574	Aceto_paste_IFO328	HG791573
HG791575	Aceto_paste_IFO328	HG791576
HG791576	Aceto_paste_IFO328	HG791575
HG791577	Aceto_paste_IFO328	HG791578
HG791578	Aceto_paste_IFO328	HG791577
HG791579	Ramli_tatao_TTB310.2	HG791580
HG791580	Ramli_tatao_TTB310.2	HG791579
HG791581	Anapl_phago_HZ	HG791582
HG791582	Anapl_phago_HZ	HG791581
HG791583	Anapl_phago_HZ	HG791584
HG791584	Anapl_phago_HZ	HG791583
HG791585	Anapl_phago_HZ	HG791586
HG791586	Anapl_phago_HZ	HG791585
HG791587	Wolba_sp_Ooc	HG791588
HG791588	Wolba_sp_Ooc	HG791587
HG791589	Ehrli_chaff_Arkans	HG791590
HG791590	Ehrli_chaff_Arkans	HG791589
HG791591	Ehrli_rumin_Welgev	HG791592
HG791592	Ehrli_rumin_Welgev	HG791591
HG791593	Ehrli_rumin_Gardel	HG791594
HG791594	Ehrli_rumin_Gardel	HG791593
HG791595	Ehrli_rumin_Gardel	HG791596
HG791596	Ehrli_rumin_Gardel	HG791595
HG791597	Anapl_margi_StMari	HG791598
HG791598	Anapl_margi_StMari	HG791597
HG791599	Anapl_margi_StMari	HG791600
HG791600	Anapl_margi_StMari	HG791599
HG791601	Anapl_margi_StMari	HG791602
HG791602	Anapl_margi_StMari	HG791601
HG791603	Anapl_margi_StMari	HG791604
HG791604	Anapl_margi_StMari	HG791603
HG791605	Anapl_margi_StMari	HG791606
HG791606	Anapl_margi_StMari	HG791605
HG791607	Anapl_margi_StMari	HG791608
HG791608	Anapl_margi_StMari	HG791607
HG791609	Anapl_margi_StMari	HG791610
HG791610	Anapl_margi_StMari	HG791609
HG791611	Anapl_margi_StMari	HG791612
HG791612	Anapl_margi_StMari	HG791611
HG791613	Anapl_margi_StMari	HG791614
HG791614	Anapl_margi_StMari	HG791613
HG791615	Anapl_margi_StMari	HG791616
HG791616	Anapl_margi_StMari	HG791615
HG791617	Anapl_centr_Israel	HG791618
HG791618	Anapl_centr_Israel	HG791617
HG791619	Wolba_sp_Bma	HG791620
HG791620	Wolba_sp_Bma	HG791619
HG791621	Wolba_sp_Bma	HG791622
HG791622	Wolba_sp_Bma	HG791621
HG791623	Wolba_sp_Cqu	HG791624
HG791624	Wolba_sp_Cqu	HG791623
HG791625	Wolba_sp_Cqu	HG791626
HG791626	Wolba_sp_Cqu	HG791625
HG791627	Wolba_sp_Cqu	HG791628
HG791628	Wolba_sp_Cqu	HG791627
HG791629	Wolba_sp_Cqu	HG791630
HG791630	Wolba_sp_Cqu	HG791629
HG791631	Ehrli_canis_Jake	HG791632
HG791632	Ehrli_canis_Jake	HG791631
HG791633	Ruege_pomer_DSS3	HG791634
HG791634	Ruege_pomer_DSS3	HG791633
HG791635	Rhodo_capsu_SB100	HG791636
HG791636	Rhodo_capsu_SB100	HG791635
HG791637	Astic_excen_CB48	HG791638
HG791638	Astic_excen_CB48	HG791637
HG791639	Ruege_sp_TM1040	HG791640
HG791640	Ruege_sp_TM1040	HG791639
HG791641	Janna_sp_CCS1	HG791642
HG791642	Janna_sp_CCS1	HG791641
HG791643	Parac_denit_PD1222	HG791644
HG791644	Parac_denit_PD1222	HG791643
HG791645	Caulo_sp_K31	HG791646
HG791646	Caulo_sp_K31	HG791645
HG791647	Hirsc_balti_49814	HG791648
HG791648	Hirsc_balti_49814	HG791647
HG791649	Phaeo_galla_210	HG791650
HG791650	Phaeo_galla_210	HG791649
HG791651	Phaeo_galla_17395	HG791652
HG791652	Phaeo_galla_17395	HG791651
HG791653	Pelag_ubiqu_HTCC10	HG791654
HG791654	Pelag_ubiqu_HTCC10	HG791653
HG791655	Pelag_ubiqu_HTCC10	HG791656
HG791656	Pelag_ubiqu_HTCC10	HG791655
HG791657	Pelag_ubiqu_HTCC10	none
HG791658	alpha_prote_HIMB5	HG791659
HG791659	alpha_prote_HIMB5	HG791658
HG791660	Ralst_eutro_JMP134.3	HG791661
HG791661	Ralst_eutro_JMP134.3	HG791660
HG791662	Cupri_taiwa_LMG194.2	HG791663
HG791663	Cupri_taiwa_LMG194.2	HG791662
HG791664	Cupri_taiwa_LMG194.2	HG791665
HG791665	Cupri_taiwa_LMG194.2	HG791664
HG791666	Pelag_sp_IMCC90	HG791667
HG791667	Pelag_sp_IMCC90	HG791666
HG791668	Pelag_sp_IMCC90	none
HG791669	Pelag_sp_IMCC90	HG791670
HG791670	Pelag_sp_IMCC90	HG791669
HG791671	Pelag_sp_IMCC90	HG791672
HG791672	Pelag_sp_IMCC90	HG791671
HG791673	alpha_prote_HIMB59	HG791674
HG791674	alpha_prote_HIMB59	HG791673
HG791675	alpha_prote_HIMB59	none
HG791676	Cyano_graci_6307	HG791677
HG791677	Cyano_graci_6307	HG791676
HG791678	Cyano_graci_6307	HG791679
HG791679	Cyano_graci_6307	HG791678
HG791680	Dechl_agita_CKB	HG791681
HG791681	Dechl_agita_CKB	HG791680
HG791682	Cyano_sp_6904	HG791683
HG791683	Cyano_sp_6904	HG791682
HG791684	Cyano_sp_7009	HG791685
HG791685	Cyano_sp_7009	HG791684
HG791686	Cyano_sp_7009	none
HG791687	Ricke_conor_CMFEe3	none
HG791688	Ricke_conor_CMFEe5	none
HG791689	Phyto_citri_SCRP13	HG791690
HG791690	Phyto_citri_SCRP13	HG791689
HG791691	Phyto_cinna_CBS270	HG791692
HG791692	Phyto_cinna_CBS270	HG791691
HG791693	Phyto_cinna_CBS270	HG791694
HG791694	Phyto_cinna_CBS270	HG791693
HG791695	Phyto_cinna_CBS270	HG791696
HG791696	Phyto_cinna_CBS270	HG791695
HG791697	Phyto_cinna_CBS270	HG791698
HG791698	Phyto_cinna_CBS270	HG791697
HG791699	Phyto_cinna_CBS270	HG791700
HG791700	Phyto_cinna_CBS270	HG791699
HG791701	Phyto_cinna_CBS270	HG791702
HG791702	Phyto_cinna_CBS270	HG791701
HG791703	Phyto_cinna_CBS270	HG791704
HG791704	Phyto_cinna_CBS270	HG791703
HG791705	Phyto_cinna_CBS270	HG791706
HG791706	Phyto_cinna_CBS270	HG791705
HG791707	Phyto_cinna_CBS270	HG791708
HG791708	Phyto_cinna_CBS270	HG791707
HG791709	Phyto_cinna_CBS270	HG791710
HG791710	Phyto_cinna_CBS270	HG791709
HG791711	Phyto_cinna_CBS270	HG791712
HG791712	Phyto_cinna_CBS270	HG791711
HG791713	Phyto_cinna_CBS270	HG791714
HG791714	Phyto_cinna_CBS270	HG791713
HG791715	Phyto_cinna_CBS270	HG791716
HG791716	Phyto_cinna_CBS270	HG791715
HG791717	Phyto_cinna_CBS270	HG791718
HG791718	Phyto_cinna_CBS270	HG791717
HG791719	Phyto_cinna_CBS270	HG791720
HG791720	Phyto_cinna_CBS270	HG791719
HG791721	Phyto_cinna_CBS270	HG791722
HG791722	Phyto_cinna_CBS270	HG791721
HG791723	Phyto_cinna_CBS270	HG791724
HG791724	Phyto_cinna_CBS270	HG791723
HG791725	Phyto_cinna_CBS270	HG791726
HG791726	Phyto_cinna_CBS270	HG791725
HG791727	Phyto_cinna_CBS270	HG791728
HG791728	Phyto_cinna_CBS270	HG791727
HG791729	Phyto_cinna_CBS270	HG791730
HG791730	Phyto_cinna_CBS270	HG791729
HG791731	Phyto_cinna_CBS270	HG791732
HG791732	Phyto_cinna_CBS270	HG791731
HG791733	Phyto_cinna_CBS270	HG791734
HG791734	Phyto_cinna_CBS270	HG791733
HG791735	Phyto_cinna_CBS270	HG791736
HG791736	Phyto_cinna_CBS270	HG791735
HG791737	Phyto_cinna_CBS270	HG791738
HG791738	Phyto_cinna_CBS270	HG791737
HG791739	Phyto_cinna_CBS270	HG791740
HG791740	Phyto_cinna_CBS270	HG791739
HG791741	Phyto_cinna_CBS270	HG791742
HG791742	Phyto_cinna_CBS270	HG791741
HG791743	Phyto_cinna_CBS270	HG791744
HG791744	Phyto_cinna_CBS270	HG791743
HG791745	Phyto_cinna_CBS270	HG791746
HG791746	Phyto_cinna_CBS270	HG791745
HG791747	Phyto_cinna_CBS270	HG791748
HG791748	Phyto_cinna_CBS270	HG791747
HG791749	Phyto_cinna_CBS270	HG791750
HG791750	Phyto_cinna_CBS270	HG791749
HG791751	Phyto_cinna_CBS270	HG791752
HG791752	Phyto_cinna_CBS270	HG791751
HG791753	Phyto_cinna_CBS270	HG791754
HG791754	Phyto_cinna_CBS270	HG791753
HG791755	Phyto_cinna_CBS270	HG791756
HG791756	Phyto_cinna_CBS270	HG791755
HG791757	Phyto_cinna_CBS270	HG791758
HG791758	Phyto_cinna_CBS270	HG791757
HG791759	Phyto_cinna_CBS270	HG791760
HG791760	Phyto_cinna_CBS270	HG791759
HG791761	Phyto_cinna_CBS270	HG791762
HG791762	Phyto_cinna_CBS270	HG791761
HG791763	Phyto_cinna_CBS270	HG791764
HG791764	Phyto_cinna_CBS270	HG791763
HG791765	Phyto_cinna_CBS270	HG791766
HG791766	Phyto_cinna_CBS270	HG791765
HG791767	Phyto_cinna_CBS270	HG791768
HG791768	Phyto_cinna_CBS270	HG791767
HG791769	Phyto_cinna_CBS270	HG791770
HG791770	Phyto_cinna_CBS270	HG791769
HG791771	Phyto_cinna_CBS270	HG791772
HG791772	Phyto_cinna_CBS270	HG791771
HG791773	Phyto_cinna_CBS270	HG791774
HG791774	Phyto_cinna_CBS270	HG791773
HG791775	Phyto_cinna_CBS270	HG791776
HG791776	Phyto_cinna_CBS270	HG791775
HG791777	Phyto_cinna_CBS270	HG791778
HG791778	Phyto_cinna_CBS270	HG791777
HG791779	Phyto_cinna_CBS270	HG791780
HG791780	Phyto_cinna_CBS270	HG791779
HG791781	Recli_ameri_50283	HG791782
HG791782	Recli_ameri_50283	HG791781
HG791783	Phyto_katsu_SCRP38	HG791784
HG791784	Phyto_katsu_SCRP38	HG791783
HG791785	Phyto_fraga_SCRP24	HG791786
HG791786	Phyto_fraga_SCRP24	HG791785
HG791787	Phyto_europ_SCRP62	HG791788
HG791788	Phyto_europ_SCRP62	HG791787
HG791789	Phyto_alni_SCRP2	HG791790
HG791790	Phyto_alni_SCRP2	HG791789
HG791791	Phyto_alni_SCRP2	HG791792
HG791792	Phyto_alni_SCRP2	HG791791
HG791793	Phyto_sojae_SCRP55	HG791794
HG791794	Phyto_sojae_SCRP55	HG791793
HG791795	Phyto_sojae_SCRP55	HG791796
HG791796	Phyto_sojae_SCRP55	HG791795
HG791797	Phyto_pseud_IMI390	HG791798
HG791798	Phyto_pseud_IMI390	HG791797
HG791799	Phyto_palmi_SCRP52	HG791800
HG791800	Phyto_palmi_SCRP52	HG791799
HG791801	Phyto_inund_IMI389	HG791802
HG791802	Phyto_inund_IMI389	HG791801
HG791803	Histi_aroid_50634	HG791804
HG791804	Histi_aroid_50634	HG791803
HG791805	Phyto_ramor_SCRP91	HG791806
HG791806	Phyto_ramor_SCRP91	HG791805
HG791807	Phyto_ramor_SCRP91	HG791808
HG791808	Phyto_ramor_SCRP91	HG791807
HG791809	Phyto_ramor_SCRP91	HG791810
HG791810	Phyto_ramor_SCRP91	HG791809
HG791811	Phyto_ramor_SCRP91	HG791812
HG791812	Phyto_ramor_SCRP91	HG791811
HG791813	Phyto_ramor_SCRP91	HG791814
HG791814	Phyto_ramor_SCRP91	HG791813
HG791815	Phyto_ramor_SCRP91	HG791816
HG791816	Phyto_ramor_SCRP91	HG791815
HG791817	Phyto_ramor_SCRP91	HG791818
HG791818	Phyto_ramor_SCRP91	HG791817
HG791819	Phyto_kerno_SCRP72	HG791820
HG791820	Phyto_kerno_SCRP72	HG791819
HG791821	Phyto_kerno_SCRP72	HG791822
HG791822	Phyto_kerno_SCRP72	HG791821
HG791823	Phyto_kerno_SCRP72	HG791824
HG791824	Phyto_kerno_SCRP72	HG791823
HG791825	Phyto_kerno_SCRP72	HG791826
HG791826	Phyto_kerno_SCRP72	HG791825
HG791827	Phyto_nicot_IMI268	HG791828
HG791828	Phyto_nicot_IMI268	HG791827
HG791829	Phyto_nicot_IMI268	HG791830
HG791830	Phyto_nicot_IMI268	HG791829
HG791831	Phyto_nicot_IMI268	HG791832
HG791832	Phyto_nicot_IMI268	HG791831
HG791833	Phyto_nicot_IMI268	HG791834
HG791834	Phyto_nicot_IMI268	HG791833
HG791835	Phyto_nicot_IMI268	HG791836
HG791836	Phyto_nicot_IMI268	HG791835
HG791837	Phyto_nicot_IMI268	HG791838
HG791838	Phyto_nicot_IMI268	HG791837
HG791839	Phyto_nicot_IMI268	HG791840
HG791840	Phyto_nicot_IMI268	HG791839
HG791841	Phyto_nicot_IMI268	HG791842
HG791842	Phyto_nicot_IMI268	HG791841
HG791843	Phyto_nicot_IMI268	HG791844
HG791844	Phyto_nicot_IMI268	HG791843
HG791845	Phyto_nicot_IMI268	HG791846
HG791846	Phyto_nicot_IMI268	HG791845
HG791847	Phyto_nicot_IMI268	HG791848
HG791848	Phyto_nicot_IMI268	HG791847
HG791849	Phyto_nicot_IMI268	HG791850
HG791850	Phyto_nicot_IMI268	HG791849
HG791851	Phyto_nicot_IMI268	HG791852
HG791852	Phyto_nicot_IMI268	HG791851
HG791853	Phyto_nicot_IMI268	HG791854
HG791854	Phyto_nicot_IMI268	HG791853
HG791855	Phyto_nicot_IMI268	HG791856
HG791856	Phyto_nicot_IMI268	HG791855
HG791857	Phyto_nicot_IMI268	HG791858
HG791858	Phyto_nicot_IMI268	HG791857
HG791859	Phyto_nicot_IMI268	HG791860
HG791860	Phyto_nicot_IMI268	HG791859
HG791861	Phyto_nicot_IMI268	HG791862
HG791862	Phyto_nicot_IMI268	HG791861
HG791863	Phyto_nicot_IMI268	HG791864
HG791864	Phyto_nicot_IMI268	HG791863
HG791865	Phyto_nicot_IMI268	HG791866
HG791866	Phyto_nicot_IMI268	HG791865
HG791867	Phyto_nicot_IMI268	HG791868
HG791868	Phyto_nicot_IMI268	HG791867
HG791869	Phyto_nicot_IMI268	HG791870
HG791870	Phyto_nicot_IMI268	HG791869
HG791871	Phyto_nicot_IMI268	HG791872
HG791872	Phyto_nicot_IMI268	HG791871
HG791873	Phyto_nicot_IMI268	HG791874
HG791874	Phyto_nicot_IMI268	HG791873
HG791875	Phyto_nicot_IMI268	HG791876
HG791876	Phyto_nicot_IMI268	HG791875
HG791877	Phyto_nicot_IMI268	HG791878
HG791878	Phyto_nicot_IMI268	HG791877
HG791879	Phyto_nicot_IMI268	HG791880
HG791880	Phyto_nicot_IMI268	HG791879
HG791881	Phyto_nicot_IMI268	HG791882
HG791882	Phyto_nicot_IMI268	HG791881
HG791883	Phyto_nicot_IMI268	HG791884
HG791884	Phyto_nicot_IMI268	HG791883
HG791885	Phyto_nicot_IMI268	HG791886
HG791886	Phyto_nicot_IMI268	HG791885
HG791887	Phyto_nicot_IMI268	HG791888
HG791888	Phyto_nicot_IMI268	HG791887
HG791889	Phyto_nicot_IMI268	HG791890
HG791890	Phyto_nicot_IMI268	HG791889
HG791891	Phyto_nicot_IMI268	HG791892
HG791892	Phyto_nicot_IMI268	HG791891
HG791893	Phyto_nicot_IMI268	HG791894
HG791894	Phyto_nicot_IMI268	HG791893
HG791895	Phyto_nicot_IMI268	HG791896
HG791896	Phyto_nicot_IMI268	HG791895
HG791897	Phyto_nicot_Correa	HG791898
HG791898	Phyto_nicot_Correa	HG791897
HG791899	Phyto_nicot_Correa	HG791900
HG791900	Phyto_nicot_Correa	HG791899
HG791901	Phyto_nicot_Correa	HG791902
HG791902	Phyto_nicot_Correa	HG791901
HG791903	Phyto_nicot_Correa	HG791904
HG791904	Phyto_nicot_Correa	HG791903
HG791905	Phyto_nicot_Correa	HG791906
HG791906	Phyto_nicot_Correa	HG791905
HG791907	Phyto_nicot_Correa	HG791908
HG791908	Phyto_nicot_Correa	HG791907
HG791909	Phyto_nicot_Ciclam	HG791910
HG791910	Phyto_nicot_Ciclam	HG791909
HG791911	Phyto_nicot_P3456	HG791912
HG791912	Phyto_nicot_P3456	HG791911
HG791913	Phyto_megas_IMI133	HG791914
HG791914	Phyto_megas_IMI133	HG791913
HG791915	Phyto_cacto_IMI296	HG791916
HG791916	Phyto_cacto_IMI296	HG791915
HG791917	Phyto_andin_EC3425	HG791918
HG791918	Phyto_andin_EC3425	HG791917
HG791919	Phyto_andin_EC3425	HG791920
HG791920	Phyto_andin_EC3425	HG791919
HG791921	Phyto_andin_EC3425	HG791922
HG791922	Phyto_andin_EC3425	HG791921
HG791923	Phyto_andin_EC3425	HG791924
HG791924	Phyto_andin_EC3425	HG791923
HG791925	Phyto_andin_EC3425	HG791926
HG791926	Phyto_andin_EC3425	HG791925
HG791927	Phyto_andin_EC3425	HG791928
HG791928	Phyto_andin_EC3425	HG791927
HG791929	Phyto_later_IMI040	HG791930
HG791930	Phyto_later_IMI040	HG791929
HG791931	Phyto_later_IMI040	HG791932
HG791932	Phyto_later_IMI040	HG791931
HG791933	Phyto_infes_WesVir	HG791934
HG791934	Phyto_infes_WesVir	HG791933
HG791935	Phyto_infes_WesVir	HG791936
HG791936	Phyto_infes_WesVir	HG791935
HG791937	Phyto_infes_WesVir	HG791938
HG791938	Phyto_infes_WesVir	HG791937
HG791939	Phyto_infes_WesVir	HG791940
HG791940	Phyto_infes_WesVir	HG791939
HG791941	Phyto_infes_WesVir	HG791942
HG791942	Phyto_infes_WesVir	HG791941
HG791943	Phyto_infes_WesVir	HG791944
HG791944	Phyto_infes_WesVir	HG791943
HG791945	Phyto_infes_WesVir	HG791946
HG791946	Phyto_infes_WesVir	HG791945
HG791947	Phyto_infes_WesVir	HG791948
HG791948	Phyto_infes_WesVir	HG791947
HG791949	Phyto_infes_WesVir	HG791950
HG791950	Phyto_infes_WesVir	HG791949
HG791951	Phyto_infes_WesVir	HG791952
HG791952	Phyto_infes_WesVir	HG791951
HG791953	Phyto_infes_WesVir	HG791954
HG791954	Phyto_infes_WesVir	HG791953
HG791955	Phyto_infes_WesVir	HG791956
HG791956	Phyto_infes_WesVir	HG791955
HG791957	Phyto_infes_WesVir	HG791958
HG791958	Phyto_infes_WesVir	HG791957
HG791959	Phyto_infes_WesVir	HG791960
HG791960	Phyto_infes_WesVir	HG791959
HG791961	Phyto_medic_SCRP40	HG791962
HG791962	Phyto_medic_SCRP40	HG791961
HG791963	Phyto_drech_46724	HG791964
HG791964	Phyto_drech_46724	HG791963
HG791965	Phyto_citro_IMI332	HG791966
HG791966	Phyto_citro_IMI332	HG791965
HG791967	Albug_laiba_Nc14	HG791968
HG791968	Albug_laiba_Nc14	HG791967
HG791969	Albug_laiba_Nc14	HG791970
HG791970	Albug_laiba_Nc14	HG791969
HG791971	Psper_cuben_MSU1	HG791972
HG791972	Psper_cuben_MSU1	HG791971
HG791973	Pythi_ultim_CBS398	HG791974
HG791974	Pythi_ultim_CBS398	HG791973
HG791975	Pythi_ultim_CBS398	HG791976
HG791976	Pythi_ultim_CBS398	HG791975
HG791977	Pythi_ultim_DAOBR1	HG791978
HG791978	Pythi_ultim_DAOBR1	HG791977
HG791979	Pythi_ultim_DAOBR1	HG791980
HG791980	Pythi_ultim_DAOBR1	HG791979
HG791981	Pythi_ultim_DAOBR1	HG791982
HG791982	Pythi_ultim_DAOBR1	HG791981
HG791983	Pythi_ultim_DAOBR1	HG791984
HG791984	Pythi_ultim_DAOBR1	HG791983
HG791985	Pythi_ultim_DAOBR1	HG791986
HG791986	Pythi_ultim_DAOBR1	HG791985
HG791987	Pythi_ultim_DAOBR1	HG791988
HG791988	Pythi_ultim_DAOBR1	HG791987
HG791989	Pythi_ultim_DAOBR1	HG791990
HG791990	Pythi_ultim_DAOBR1	HG791989
HG791991	Pythi_ultim_DAOBR1	HG791992
HG791992	Pythi_ultim_DAOBR1	HG791991
HG791993	Pythi_ultim_DAOBR1	HG791994
HG791994	Pythi_ultim_DAOBR1	HG791993
HG791995	Pythi_ultim_DAOBR1	HG791996
HG791996	Pythi_ultim_DAOBR1	HG791995
HG791997	Pythi_ultim_DAOBR1	HG791998
HG791998	Pythi_ultim_DAOBR1	HG791997
HG791999	Pythi_ultim_DAOBR1	HG792000
HG792000	Pythi_ultim_DAOBR1	HG791999
HG792001	Pythi_ultim_DAOBR1	HG792002
HG792002	Pythi_ultim_DAOBR1	HG792001
HG792003	Pythi_ultim_DAOBR1	HG792004
HG792004	Pythi_ultim_DAOBR1	HG792003
HG792005	Pythi_ultim_DAOBR1	HG792006
HG792006	Pythi_ultim_DAOBR1	HG792005
HG792007	Recli_ameri_50284	HG792008
HG792008	Recli_ameri_50284	HG792007
HG792009	Phyto_querc_SCRP54	HG792010
HG792010	Phyto_querc_SCRP54	HG792009
HG792011	Phyto_crypt_IMI045	HG792012
HG792012	Phyto_crypt_IMI045	HG792011
HG792013	Phyto_eryth_SCRP24	HG792014
HG792014	Phyto_eryth_SCRP24	HG792013
