# pfam_scan.pl,  run at Fri Feb  8 12:18:22 2019
#
# Copyright (c) 2009 Genome Research Ltd
# Freely distributed under the GNU 
# General Public License
#
# Authors: Jaina Mistry (jaina@ebi.ac.uk), 
#          Rob Finn (rdf@ebi.ac.uk)
#
# This is free software; you can redistribute it and/or modify it under
# the terms of the GNU General Public License as published by the Free Software
# Foundation; either version 2 of the License, or (at your option) any later version.
# This program is distributed in the hope that it will be useful, but WITHOUT
# ANY WARRANTY; without even the implied warranty of MERCHANTABILITY or FITNESS
# FOR A PARTICULAR PURPOSE. See the GNU General Public License for more
# details.
#
# You should have received a copy of the GNU General Public License along with
# this program. If not, see <http://www.gnu.org/licenses/>. 
# = = = = = = = = = = = = = = = = = = = = = = = = = = = = = = = = = = = = = = = =
#      query sequence file: rna-with-proteins.fasta.translated
#        searching against: pfam/Pfam-A.hmm, with cut off --cut_ga
#    resolve clan overlaps: on
#     predict active sites: off
#   translate DNA sequence: all
# = = = = = = = = = = = = = = = = = = = = = = = = = = = = = = = = = = = = = = = =
#
# <seq id> <alignment start> <alignment end> <envelope start> <envelope end> <hmm acc> <hmm name> <type> <hmm start> <hmm end> <hmm length> <bit score> <E-value> <significance> <clan> <strand> <nt start> <nt end>

ENA|Z11840.1:2823..6850:misc_RNA|Z11840.1:2823..6850:misc_RNA.1:0    173    268    173    274 PF01085.18  HH_signal         Domain     1    95   161     95.8     2e-27   1 CL0170   + 517 820
