#ID	Form	Segments	Tag	Gencode	Evidence	Taxonomy	Sequence	InstanceCt	Instances	Note
Paulinella__chromatophora.1	Permuted	Acceptor:1-70,IVS:71-76,Coding:77-275,TagCDS:149-199,CCAequiv:71-73	ANNIVRFSRQAAPVAA*	11	aragorn-1.2.40:108.8,infernal-1.1.2:293.2/cyano_tmRNA	Chromatophores,d__Eukaryota,p__Cercozoa,c__Imbricatea,o__Euglyphida,f__Paulinellidae	GTTCGGTTATTGCCGAACTAGGTGGCTCACACCAATGTTTCGGACAGCGGTTCGATTCCGCTCAGCTCCAttattaGGGGCTGCAATGGTTTCGACGGGGCATCAGGAGGGTTACTGAAGCCTGCTCGGTAAGAGCAAATTAGTAACAgcgaacaacatcgttcgtttctcccgtcaagcggcccctgtggctgccTGACCCTAGATAGGGAGATGAGGTAAAGTCAGCCTTATAACCCAAATGACTCAAGGGGCCTGTAAGGGCCCCATCATTA	1	CP000815.1/744167-744441
Paulinella__longichromatophora.1	Permuted	Acceptor:1-70,IVS:71-82,Coding:83-280,TagCDS:155-205,CCAequiv:71-73	ANNIVRFSRQAAPVAA*	11	aragorn-1.2.40:108.8,infernal-1.1.2:279.5/cyano_tmRNA	Chromatophores,d__Eukaryota,p__Cercozoa,c__Imbricatea,o__Euglyphida,f__Paulinellidae	GTTCGGTTTTAGCCGAACTAGGTGGCTTACACCAATGTTTCGGACAGCGGTTCGATTCCGCTCAGCTCCActggctagtttcGGGGCTGCAATGGTTTCGACGGGGCATGAGGAAGGTTACTGAAGCCTGCTCGGTAAGAGCAAATTTGTAACAgcgaacaacatcgttcgtttctctcgtcaagctgcccctgtggccgccTGACCTTAGCTAGAGAGATGGGGTAAGTCAGCCTTATAACCCAAATGACTCGTGGGACCTGGAAGGGTCCCTAAGTTT	1	MG264610.1/711476-711755
Paulinella__micropora.1	Permuted	Acceptor:1-70,IVS:71-76,Coding:77-274,TagCDS:149-199,CCAequiv:71-73	ANNIVRFSRQAALVAA*	11	aragorn-1.2.40:108.5,infernal-1.1.2:286.9/cyano_tmRNA	Chromatophores,d__Eukaryota,p__Cercozoa,c__Imbricatea,o__Euglyphida,f__Paulinellidae	GTTCGGTTTTAGCCGAACTAGGTGGCTTACACCAGTGTTTCGGACAGCGGTTCGATTCCGCTCAGCTCCAtcacgaGGGGCTGCAATGGTTTCGACGGGGCATGAGGAAGGTTACTGAAGCCTGCTCGGCAAGAGCAAAATCGTATCTgcgaacaacatcgttcgtttctcccgtcaagctgctcttgtagcagccTGACCTTAGTTAAGGAGATGGGGTAAGTCAGCCTTATAACCCAAATGACTCATGGGACCTGGAAGGGTCCCTAAATTT	2	KY124271.1/713251-713524,LC490351.1/683987-684260
Paulinella__micropora.2	Permuted	Acceptor:1-70,IVS:71-76,Coding:77-274,TagCDS:149-199,CCAequiv:71-73	ANNIVRFSRQAAPVAA*	11	aragorn-1.2.40:108.5,infernal-1.1.2:288.4/cyano_tmRNA	Chromatophores,d__Eukaryota,p__Cercozoa,c__Imbricatea,o__Euglyphida,f__Paulinellidae	GTTCGGTTTTAGCCGAACTAGGTGGCTTACACCAGTGTTTCGGACAGCGGTTCGATTCCGCTCAGCTCCAtcacgaGGGGCTGCAATGGTTTCGACGGGGCATGAGGAAGGTTACTGAAGCCTGCTCGGCAAGAGCAAAATCGTATCTgcgaacaacatcgttcgtttctcccgtcaagctgctcctgtagcagccTGACCTTAGTTAAGGAGATGGGGTAAGTCAGCCTTATAACCCAAATGACTCATGGGACCTGGAAGGGTCCCTAAATTT	2	KX897545.1/713048-713321,MG976688.1/713153-713426
Schizocladia__ischiensis.1	Standard	Body:1-380,TagCDS:84-128,CCAequiv:381-383	VNNIITFNKKLTFA*	11	aragorn-1.2.40:111.1	Plastids,d__Eukaryota	GGGGCTGTTTTGGTTTTGACATTTAAAATGAAATAAATTAATAAGCAGAATACAATAGACATTGTATCCAATTAAGAATAATTgtaaacaacattattacatttaataaaaaactaacttttgcaTAAAATTTAGGAGTTTTTTATGGTTAATTTAATATAGAATTAACTTATATGATAAAACTATTGCTCTAAAATTTAATACTTTTTAGGTAAGTACAATCAACTATAAAATAATTTACTATTTTTTCCATTTGTTATAAAGATTAAATTAATCTCTGATAAAATTCACTAAAATAAAATCTAAAAATTAACTAAATCTGTGAATTAAAATAATTCATTTTATTTAAATGGACGTGGGTTCAATTCCCACCAGCTCCAata	1	NC_053868.1/437-819
Cryptomonas__curvata.1	Standard	Body:1-335,TagCDS:95-139,CCAequiv:336-338	ANNILSFERKLALV*	11	aragorn-1.2.40:109.0,infernal-1.1.2:109.0/tmRNA	Plastids,d__Eukaryota,c__Cryptophyceae,o__Cryptomonadales,f__Cryptomonadaceae	GGGACTGTTCAGGTATCGACACTCTCTAAAATTTTGTATTATGATTCAAGTCAAGCTTAAATTTTCTTGTAAAACAAAATTTAAAACTATAAACgcaaacaacattctgtcgtttgaacgcaaacttgctttagtaTAAACCTAAAACTAGTTTAAATTATAAAACACATAAGTCGAATAACAGGAAGTTTCTAAATAACTAAAAACTATTGCAATTCCCGACAATCTGAATGAGATCTAAAAATAGTTGCTTTAAATATTGAATAAAGCTAAACTTGTGAATGAATATATAAACGTTGAGCGAGTGGACGTGGGTTCAATTCCCACCAGTTCCAtat	1	NC_035720.1/52138-51801
Cryptomonas__paramecium.1	Standard	Body:1-298,TagCDS:88-156,CCAequiv:299-301	ASNIVSFQKSPSLASKLFSHRI*	11	aragorn-1.2.40:101.2	Plastids,d__Eukaryota,c__Cryptophyceae,o__Cryptomonadales,f__Cryptomonadaceae	GGGGCTGTAAGGCGTCGACATTCATGGAACTGAGAAGTCAAACAAGTCAAGTTTAAACCATCTTGTAAAAATGGAGTTTAATTAAATgcaagcaacatagtttcatttcaaaagtccccttcactcgcttctaagttattctcgcatagaattTAGAACTCATTAATTACGAAAGAAAAATTCTCAAGAAATACACCAAAAAGAGAGAAGTCGCCTTATATTTTGAATAAGGCTATACTTGTAACTATAGACGCTAAAAGATAATGAATGGACGTGAGTTCAAATCTCACCAGCTCCAaat	1	NC_013703.1/6162-5862
Cryptomonas__pyrenoidifera.1	Standard	Body:1-337,TagCDS:95-139,CCAequiv:338-340	ANNILSFERKFALV*	11	aragorn-1.2.40:107.3	Plastids,d__Eukaryota,c__Cryptophyceae,o__Cryptomonadales,f__Cryptomonadaceae	GGGACTGTTCAGGTATCGACACTTTCTATAATTTTATACTATGATTCAAGTCAAGCGTAAACTTTCTTGTAAAACTAAGTTTAAAAATACAAATgcaaacaatattctatcgtttgaacgcaaatttgctttagtaTAAACCTAAAAAAATTATGGCTTAAACTATAACAAATACTAATTAACATAGGAGATTTTTAATTCTTAAAAATCAGTATTATCCAAAATGAATTCGGTGAGATAAAAAAATAGTTGCTTTAAATATGGAATAAAGCTAAACTTGTGAATGAATATATATAAATTAAGCGAGTGGACGTGGGTTCAATTCCCACCAGTTCCAtag	1	NC_069042.1/115811-116150
Chroomonas__placoidea.1	Standard	Body:1-360,TagCDS:95-139,CCAequiv:361-363	ANNIIPFSRKVALV*	11	aragorn-1.2.40:109.5,infernal-1.1.2:108.6/tmRNA	Plastids,d__Eukaryota,c__Cryptophyceae,o__Pyrenomonadales,f__Chroomonadaceae	GGGGCTGTAAAGGTATCGACACTTTTAACAAAATAATAGTATGATTCAAGTCAAGATCGAGTATATCTTGTAAATAAGGCTCAAAACAATAAATgcaaataatataatacctttctctcgtaaggtagcgttagtaTAGAAATCAGTTTTTATACTTTATAAAAATAGTGCTTGACAAGTAATTAGTTATAATTTTTACTGGGGATAGTAACTACATTACTCTAAAACTAAATATTATATATCCCATCTTGAAACCTAATATGCTAAAAAAAAAGCTTTAATTATTGAATAAAGCTAAACTTGTGAACGAGTATATTATAAAGTTGGGAGTGGACGTGGGTTCAAATCCCACCAGCTCCAaaa	1	NC_035721.1/58418-58056
Guillardia__theta.1	Standard	Body:1-327,TagCDS:97-147,CCAequiv:328-330	ASNIVSFSSKRLVSFA*	11	aragorn-1.2.40:109.8	Plastids,d__Eukaryota,c__Cryptophyceae,o__Pyrenomonadales,f__Geminigeraceae	GGGGCTGATTTGGATTCGACATATAAATTTGCGTGTTTCATTATGAAGCAAGTCAAGTTTAATGATCTTGTAAAAAACATTAAAGTACAAATAAATgcaagcaatatagtttcatttagttcaaaacgtttagtctcttttgcaTAAGCAAAATGTGTTAATAACTTTCTTAGTAGAAATTGGAGAAGTTTACTAAGATTTATATTTACTCCATAATTATTTTAAAGATGGTAAAAAGGTGATTCATCATTTGTATGTTTCTAAACTTTGTGAAAGAATAGTGGGCTCCATTTATAATGAACGTGGGTTCAAATCCCACCAGCTCCAtag	1	NC_000926.1/50514-50185
Teleaulax__amphioxeia.1	Standard	Body:1-318,TagCDS:95-139,CCAequiv:319-321	ANNIVKFSKTYAFA*	11	aragorn-1.2.40:109.4,infernal-1.1.2:109.7/tmRNA	Plastids,d__Eukaryota,c__Cryptophyceae,o__Pyrenomonadales,f__Geminigeraceae	GGGGCTGTAATGGTATCGACACTTTAGAAGGTACAATAATGTGATGCAAGCCAAGATTAGATAATTCTTGTAAAAAATATCTAACAAAATAAATgcaaataacatagtaaaattctctaaaacttacgcattcgcaTAAGAATTTTAGAAAAGTTCACTAAAAAACAAACGTAAATTAAACGGGAATTACTTAAATTCCAAGCTGAAATTAAAGAAGAAAATAAAAATATCTGTTTCAGATTTTGTATGAAACTAAGCTTGTGAATGAATATATTGTATAATTTATAGTGGACGTGGGTTCAAATCCCACCAGCTCCAaga	1	NC_027589.1/53734-53414
Rhodomonas__salina.1	Standard	Body:1-350,TagCDS:97-141,CCAequiv:351-353	ANNIVPFSRKVALV*	11	aragorn-1.2.40:109.2,infernal-1.1.2:137.1/tmRNA	Plastids,d__Eukaryota,c__Cryptophyceae,o__Pyrenomonadales,f__Pyrenomonadaceae	GGGGCTGTTACTGGTATCGACATTTTGGAAAGAATAGTATTATGATGCAAGTCAAGATTGAGCTCATCTTGTTAATAAAGCTCATCATAAATAAATgcaaataatattgtacctttttctcgtaaggtcgctttagttTAAGATTGTTTTCCTCATTGGAGACTTGATTAATCTATAAAAATAAGTTAAAGCTAAAACATTGGAAGAAATTTAGCTTATAAATAAAATTCCGTTCTCATAACTTTAGTGGGTAAAAAAATACTTTCTTTGAGTATTGAACAAAGATAAACTTGTGAATGAGTGTGCTACGTAAGCTGAAATGGACGTGGGTTCAAATCCCACCAGCTCCAaaa	1	NC_009573.1/55998-55646
Cyanophora__biloba.1	Standard	Body:1-299,TagCDS:99-146,CCAequiv:300-302	ATNIVRFNRQTVFAV*	11	aragorn-1.2.40:108.5,infernal-1.1.2:104.0/tmRNA	Plastids,d__Eukaryota,c__Glaucocystophyceae,f__Cyanophoraceae	GGGGCTGTTTAGGTTTCGACGTTTTTTTTTAATTATGACTGTTAAACAAGTCGAGAATTTGTTCTATCTCGTAAATCAAGAACTATTAAAATTTAAACgcaactaatattgtacgttttaatcgtcaaacagtttttgctgttTAATGATTATTAAATCATAATCTCAAAACCCATATAATTTGGGTATATATTTATTATTTACTTATTTATTTTGCTTCATTAATTCATAGAAGCTATACTTGTGAATAAACGCATAATTTCGAAAAACGGACGTGGGTTCAAATCCCACCAGTTCCActa	1	NC_038216.1/122122-121821
Cyanophora__paradoxa.1	Standard	Body:1-291,TagCDS:99-146,CCAequiv:292-294	ATNIVRFNRKAAFAV*	11	aragorn-1.2.40:109.4,infernal-1.1.2:119.2/tmRNA	Plastids,d__Eukaryota,c__Glaucocystophyceae,f__Cyanophoraceae	GGGGCTGTTTAGGTTTCGACGTTTTTTTCTAATTATGTTTGTTAAGCAAGTCGAGGATTTGTTCTATCTCGAAAATCAAGAACTCTCAAAATTTAAACgcaactaatattgtacgttttaaccgtaaagcagctttcgctgttTAATAATTACTTTTAATTTAAAAACCTAATTTTTTTAGGAATTTATTTATTTATTGTTTATCCTGCTTAATGAATTAAAAAAAGCTATACTTGTGAATAAACGCATAATTTAAAAAAACGGACGTGGGTTCAAATCCCACCAGCTCCActc	1	NC_001675.1/84810-84517
Cyanophora__sudae.1	Standard	Body:1-299,TagCDS:99-146,CCAequiv:300-302	ATNIVRFNRQAVFAV*	11	aragorn-1.2.40:108.5,infernal-1.1.2:102.2/tmRNA	Plastids,d__Eukaryota,c__Glaucocystophyceae,f__Cyanophoraceae	GGGGCTGTTTAGGTTTCGACGTTTTTTTTTAATTATGACTGTTAAACAAGTCGAGGATGTGTTCTATCTCGTAAATCAAGAACTATTAAAATTTAAACgcaacaaatattgtacgttttaatcgtcaagcagtttttgctgttTAATGATTATTAAATTATAATCTCAAAACCCATATAATTTGGGTATATATTTATTATTTACTTATTTATTTTGCTTGATTAATTCAGAAAAGCTATACTTGTGAATAAACGCATAATTTCGAAAAACGGACGTGGGTTCAAATCCCACCAGTTCCAtta	1	NC_038215.1/142044-141743
Durinskia__baltica.1	Standard	Body:1-327,TagCDS:95-169,CCAequiv:328-330	AKNLLLSLLTVFGLNQRNKLQFAI*	11	aragorn-1.2.40:109.6	Plastids,d__Eukaryota,k__Alveolata,c__Dinophyceae,o__Peridiniales,f__Kryptoperidiniaceae	GGGGCTGTTTTGGTTTCGACATTTAAATTTAATTATTATATGAATCAGGTCGAAGTTTGTAGTCTTCGTAAAAAAATACAAATTTAAAATAACTgctaaaaatttacttttatcattgttgactgtttttggacttaaccaaagaaacaagttacaatttgctatcTAAACGAATAACTCAAAAAATTTTTTCACTAGTACTAGACGTTTAAGTCGACTCTAGTTTAGAATAATTTATACTACTAATTCTGTTCTTTGAAACTATACCTGTGAACGACTATAATAAGAATTTTTAAATGGACGTGGGTTCAAATCCCATCAGCTCCAgaa	1	NC_014287.1/29580-29909
Kryptoperidinium__foliaceum.1	Standard	Body:1-332,TagCDS:97-174,CCAequiv:333-335	AKNLILSLVSLFGFKTNKNQLQFAI*	11	aragorn-1.2.40:109.6	Plastids,d__Eukaryota,k__Alveolata,c__Dinophyceae,o__Peridiniales,f__Kryptoperidiniaceae	GGGGCTGTTTTGGTTTCGACATTTAAAACTTATTAATGTATGATGCAGGTCGAAGTTTGTAATCTTCGTACTAAAATACAACATTTCAAAATAACTgctaaaaatttaattttatcattggttagtcttttcggatttaaaacaaacaaaaatcagcttcaatttgctattTAAATGTTCTAAATCAAACAATTTTTCACTAAGACTAGACGTTTTACTCTAATCTAGTTTAGAATAATTTATATTAACAATTCTGTTCATTGAAACTATGCCTGTGAACGAGTACATTAAAGATTTTTAAATGGACGTGGGTTCAATTCCCATCAGCTCCAaat	1	NC_014267.1/32166-32500
Bolidomonas__sp.1	Standard	Body:1-345,TagCDS:94-141,CCAequiv:346-348	ANNILAFNRKSLSFA*	11	.	Plastids,d__Eukaryota,k__Ochrophyta,c__Bolidophyceae,o__Parmales,f__Triparmaceae	NNNNNNNNNNNNNNNNNNNNATTATAAAAATTTTAAATTATGATGCAAGTCGAAAAATATTATTTCGTTAAAAAATATACCTTTAAAATAAATgcaaataacattttagcttttaaccgtaaatctttaagtttcgctTAAAATTATTTATGGAAATTTTTAAGAGTGTCCATCTCTTAAAAATTTGAAAACTTTATGGACATTATAAAACTAGACTTTTCTAGATCTTTTAAGTTAAATTATTACTTAATTCCTTTTAATTTGTTCATTTTAAATGAACTAAACTTGTGAACGATTAATTTATCACTTTTATAATGGACGTGGNNNNNNNNNNNNNNNNNNNNNnnn	1	HG528733.1/1-304	N's: PCR primer-binding sequence
Triparma__laevis.1	Standard	Body:1-341,TagCDS:94-141,CCAequiv:342-344	ANNILSFNRKTLSIA*	11	aragorn-1.2.40:109.5	Plastids,d__Eukaryota,k__Ochrophyta,c__Bolidophyceae,o__Parmales,f__Triparmaceae	GGGGCTGTAATGGTTTCGACATTATTTAGTTTTTTATTTATGATGCAGGTCGAAAAATATTATTTCGTTAAAAAATATACATTTAAAATAAATgcaaacaacattttatcttttaaccgtaaaactttaagtattgctTAAAATTATTTATGGAAATTTTTAAAAGTATCCATCTTTTAAAAATTTGTAAAATTTATGGATACTGTAAAACTAGACTTTTCTAGATCTTTTAGTTTAAATTATTATTTAAACTTCTTTTATTTGTTTTTTAAAAACTAAACCTGTGAATGAATAAATAAAAAAAAATTTAATGGACGTGGGTTCAATTCCCATCAGCTCCAatt	1	NC_027746.1/20059-20402
Dictyocha__speculum.1	Standard	Body:1-321,TagCDS:88-132,CCAequiv:322-324	AIKNFFFPTKLAFA*	11	aragorn-1.2.40:105.8	Plastids,d__Eukaryota,k__Ochrophyta,c__Dictyochophyceae,o__Dictyochales	GGGGCTGCCCTGGTTTCGACAATTGTTTTTTTCTTACGGTGCAAGTCGGTTGATTTTCGAAATAAGTCAAACTTTAATACAATAAATgctattaaaaacttctttttcccaacaaaactagcattcgctTAAATATTTGTTATTATTTTAGAAATTTTACTATTCTAAATAATTAAAAATTCGATACCCTCTAGTTAATACATATATTTAATTTAGTCAAGGTTTTTCTACTTATGCTCTTTAAAAGCTTTATTAAGCTAAACTTGTGAATGATCCTTCAGAAAGTACAATTGCATGTGGGTTCGATTCCCACCAGCTCCAttt	1	NC_043929.1/128341-128664
Florenciella__parvula.1	Standard	Body:1-316,TagCDS:91-138,CCAequiv:317-319	AIKNVFSNQRTLAFA*	11	aragorn-1.2.40:109.9	Plastids,d__Eukaryota,k__Ochrophyta,c__Dictyochophyceae,o__Florenciellales	GGGGCTGATAGGTTTCGACAATTTAATATTTTTTTTATTGCAAGTCGAGTTTAATCGACTCGTTAAAATTGATTATAAAAAAAAATAAATgcaatcaaaaacgtattttcaaatcaaagaactctagctttcgctTAGATTTTTGATATTATTTAGTTTATAAATTTAATATTAGATAATTCACCTACTTTTTGCTCTAGATCTTAAGGTTCTAGTTAAGTTATTTGCCTAAAAACTTTGCTTTTTTTAAGCTAAACTTGTGCATGATTTAAAAAAAATATTAGGTTGGACGTGGGTTCAAATCCCACCAGCTCCAaaa	1	NC_044407.1/9109-8791
Pseudopedinella__elastica.1	Standard	Body:1-309,TagCDS:85-132,CCAequiv:310-312	AINNLFNNQKTLAFA*	11	aragorn-1.2.40:105.6	Plastids,d__Eukaryota,k__Ochrophyta,c__Dictyochophyceae,o__Pedinellales	GGGGCTGAGTTTGGTATCGACAGTTAAAACTTATTATGAAGCAAGTCGGATTCTCGATCCGTATAATCGAAAATAATAATAATTgctattaacaatttatttaataatcaaaaaactttagctttcgctTAATATTTTGGTATTATATTGATATTGCTTTCTATCATATATAAAAAAAAGTTACTCTTTAATTCATTTAGTATTAAAGTTAAGACTATCAATCCTTATTTTGCTTCTTGCTAAGCTAAACTTGTGAATGATTCATAAATTCTTTTTAATTGCACGTGGGTTCGAATCCCACCAGTTCCAtta	1	NC_044408.1/67351-67040
Rhizochromulina__marina.1	Standard	Body:1-298,TagCDS:84-131,CCAequiv:299-301	AILSLFNIQKPLAIA*	11	.	Plastids,d__Eukaryota,k__Ochrophyta,c__Dictyochophyceae,o__Rhizochromulinales	GGGACTGTTTTGGTTTCGACAATTATTTAATGATCTAGCTCAAGTCGGTCTCGATCCGTAATCGAAAATTTTAAAAAATAAAAgctattttatcactatttaatatacaaaagcccctagcgattgctTAAGGTTTTATTTTATGTGGAAGTTTCTAGACGCTTACTGCATAAAAAGATAGTCTAGTCCGGGTGAAATCTCATCTTTTTGACATTTAATTTCTATTCATGTAAAGTAAACTTGTATAACACTAGTTCATGAGCGTAATTGGACGTGGGTTCGATTCCCACCAGTTCCAgta	1	NC_043890.1/105510-105810
Eustigmatophyceae__sp.1	Standard	Body:1-331,TagCDS:95-112,CCAequiv:332-334	QAVFA*	11	.	Plastids,d__Eukaryota,k__Ochrophyta,c__Eustigmatophyceae	GGGGCTGTTTACTTATTGGTGTCGACGATTGCAAATCCATTGTTGTTTAGATTTTCAAATAATTATCTGTAATTCAATAATTTTTAAAATAAATcaagctgtatttgcaTAAATTTCAGAAATAAAAAATTTAATTTTATTTGAATCATTCAAATAATAAATAGATTATGTTACAATTGTTGTAATAAGTAATACTTTGTGAATAAAAATTTCGCATTTCAATTCACAAAGTTTTAAAGTTAAAATACCTTTCTTAAAAAGTACACTCGTCGAAAAAAGAAATCTAAATTATTACTGCAGTCGGATGTAGGTTCAAGTCCTACCAGCTCCAttt	1	NC_040296.1/106350-106683
Eustigmatophyceae__sp.2	Standard	Body:1-300,TagCDS:85-102,CCAequiv:301-303	HACFA*	11	.	Plastids,d__Eukaryota,k__Ochrophyta,c__Eustigmatophyceae	GGGGCTGTAATGTAGGCTTTCGACGATTGATGGGAATAAAATTAAAGCAAACATTGTTTGATTATTAAAAATAACTAAATAAAGcacgcttgctttgcaTAAATTTCTTAAACATAAAGTAAAATTTTTCGTAGATTAAATTATTTACGATTATAGTTTTTAAAACTTTTAATTAAAGTAAAAAATTTTTAATTAATTACAAAGTTATAATATTTCCTAGTTAAACCAAAAAACGTAATAAAGACATTAATATATTATCATCCTTTCAATCGCATGTAGGTTCAATTCCTACCAGCTCCAaat	1	NC_040297.1/6557-6859
Eustigmatophyceae__sp.3	Standard	Body:1-327,TagCDS:87-104,CCAequiv:328-330	QAVFA*	11	.	Plastids,d__Eukaryota,k__Ochrophyta,c__Eustigmatophyceae	GGGGCTGTTTTTGGTTTCGACGGTTGCAAAAGCAATTACTCTTAGATTTGAAAAAATTTTTTAAAATTAAAAAAATTAAAATAACTcaagcagtttttgcaTAAATTTCAGAGATAACTTTTAAACCTTTTATTTATAAATTCAAATAAAAAATATATTTTGTTATAATATAACATCGCACACTTTTAAAATTGAAATTATGTATTAACTTTTTTTTTAAAAGTATTTAATTCTCAATAATACAAATTAGTAGTAATATAGAAATACGAACTTTAAAATCTAACTTAATAATGCAATCGCATGTAGGTTCAAATCCTACCAGCTCCAtat	1	NC_040298.1/104775-105104
Eustigmatophyceae__sp.4	Standard	Body:1-323,TagCDS:85-102,CCAequiv:324-326	QAVFA*	11	.	Plastids,d__Eukaryota,k__Ochrophyta,c__Eustigmatophyceae	GGGGCTGTTTTTGGTATCGACGGTTGCAAAGACAAATTTTTAGATTAAAAAAGATATTTTGATAAATCAAATTTAAAAATAAATcaagctgtttttgcaTAAATTTCAGAAGTAAATTCAAACTTTTATTTTGAGAAATTCAAATAAAAAATAATTTTTGTTAGAATCATTCTAAACATTAGGCTTTTTTAAGTGAATAATTTTCAATAAATAGTCATTTAGAAAGCGTTTAATTTTAAAAAAGAATATTACTGTAAAATAACGAAATAAGAGAATCTATTAAAAAATGCAATCGGATGTAGGTTCAAGTCCTACCAGCTCCAacc	1	NC_040295.1/104142-104467
Eustigmatophyceae__sp.5	Standard	Body:1-278,TagCDS:82-99,CCAequiv:279-281	QTCFA*	11	.	Plastids,d__Eukaryota,k__Ochrophyta,c__Eustigmatophyceae	GGGGCTGTTATACGGTTTTCGACGATTGATTTTAATACAAGAAAAAACAAACAATGTTTGAATAATCATTTAAAAACAAAGcaaacttgttttgctTAATTTTCTGAAAATTTTTTCATCCTTAAAAAGGTAATATTCATTAAATTCAAAACTTTAGGAATTATTTAATTCACTATATGTTTATAATTATAATTGAATTTAATTCATTTTGATTATATACTAAATCTAAATTATCTTTGATTTTCAGTCGGATGTAGGTTCAAATCCTACCAGCTCCAtgt	1	NC_066179.1/37480-37200
Characiopsis__acuta.1	Standard	Body:1-276,TagCDS:78-95,CCAequiv:277-279	QTCFA*	11	.	Plastids,d__Eukaryota,k__Ochrophyta,c__Eustigmatophyceae,o__Eustigmatales,f__Chlorobotryaceae	GGGGCTGTTATTTGGTTTTCGACGATTGAAAGTAATAAAAATTTATCAAACAGTGTTTGATCTATGAATAAAAAAAGcaaacatgttttgcgTAGCTTTCTGATAAAACTCTTCTCTTTTTAAGAGCAATTTTATTAAAATCCCTTTTAGAAAAACCTTTTTTATTATTTTCTAAAAGTTTATGTTTATAATTGAATTTATTAGATTTTAGTTGTATACTAAATAAAGATATTTTTAGTTTTCAGTCGGATGTAGGTTCAAATCCTACCAGCTCCAtta	1	NC_040294.1/37359-37081
Chlorobotrys__sp.1	Standard	Body:1-269,TagCDS:80-97,CCAequiv:270-272	QTCFA*	11	.	Plastids,d__Eukaryota,k__Ochrophyta,c__Eustigmatophyceae,o__Eustigmatales,f__Chlorobotryaceae	GGGGCTGTTATATGGTTTTCGACGATTAAAATATTTATAAACTTATTAAACAATGTTTAACCTTAGTTAACAAATAAAGcaaacctgctttgctTAAGTTTCTGATAATTTTCTAGCCTTAAATGGTCAATACTTCTAAAAATCATTATAGAAAACAAAAAATTTTTATATGATTAGAATTATAATTATATATATATACTATTAATCATATATTGAAAAAAATAGTTTTAATTTTTAGTCGGATGTAGGTTCAAATCCTACCAGCTCCAttc	1	NC_066178.1/37585-37314
Lietzensia__polymorpha.1	Standard	Body:1-278,TagCDS:80-97,CCAequiv:279-281	QTCFA*	11	.	Plastids,d__Eukaryota,k__Ochrophyta,c__Eustigmatophyceae,o__Eustigmatales,f__Chlorobotryaceae	GGGGCTGTTATTTGGTTTTCGACGATTGAAATTTACATAAACTTATCAAACTATGTTTGAATACATATCTAAAACAAAGcaaacttgttttgctTAATTTTCTGAGAATTTTCTGCCTTTAACAGGTTAATATTTTTTTCTTTAATCATTTTAGAAAATCTTATATTAAATTTTCTAAATGTTTGTAATTTTAATTGAATTTATTAAAGTTTAAGTGTATACTAAATAAAAGAGTTTTAGTTTTCAGTCGGATGTAGGTTCAAATCCTACCAGCTCCAata	1	NC_066181.1/37364-37084
Neustupella__aerophytica.1	Standard	Body:1-275,TagCDS:80-97,CCAequiv:276-278	QACFA*	11	.	Plastids,d__Eukaryota,k__Ochrophyta,c__Eustigmatophyceae,o__Eustigmatales,f__Chlorobotryaceae	GGGGCTGTTATACGGTTTTCGACGGTTGAAATATATGTAAACTAATTAAACAATGTTTAAATTCAATTTCTAAACAAAGcaagcttgttttgctTAGCTTTCTGAGAATTTTACTACCGAAAAGGTTTATAATTTTAAAAACTAATTTTAGAAAATATTTATAAATATTTTCTAAATAGTAATAATTATAATTGTATATATTAAACTTTAATTGTATACTAAATAAAATAGTTTTAGTTTTCAATCGGATGTAGGTTCAACTCCTACCAGCTCCAtta	1	NC_066180.1/37253-36976
Vischeria__punctata.1	Standard	Body:1-277,TagCDS:80-97,CCAequiv:278-280	QTCFA*	11	.	Plastids,d__Eukaryota,k__Ochrophyta,c__Eustigmatophyceae,o__Eustigmatales,f__Chlorobotryaceae	GGGGCTGTTATGTGGTTTTCGACGATTGATATGTCTATAAACTAATTAAACAATGTTTAAATTAAACTTTTAAAGAAAGcaaacttgttttgctTAATTTTCTGAAAATTCTAATACCTAGAAAGGTTAATTATCGCTAAAACTAATTTTAAGAAAAATATTAATAAGATTTTCTAAATAGTTATAATTATAATTGTATTTACTAGACTTTAATTGTATACTAAACAAAATAGTTTTAGTTTTCAATCGGATGTAGGTTCAACTCCTACCAGCTCCAtta	1	NC_065488.1/37264-36985
Vischeria__sp.1	Standard	Body:1-277,TagCDS:80-97,CCAequiv:278-280	QTCFA*	11	.	Plastids,d__Eukaryota,k__Ochrophyta,c__Eustigmatophyceae,o__Eustigmatales,f__Chlorobotryaceae	GGGGCTGTTATATGGTTTTCGACGATTGATATGTCTATAAACTAATTAAACAATGTTTAAATTAAACTTTTAAAGAAAGcaaacttgttttgctTAATTTTCTGAAAATTCTAATACCTAGAAAGGTTAATTATCGCTAAAACTAATTTTAAGAAAAATATTATTAAGATTTTCTAAATAGTTATAATTATAATTGTATTTACTAGACTTTAATTGTATACTAAACAAAATAGTTTTAGTTTTCAATCGGATGTAGGTTCAACTCCTACCAGCTCCAtta	1	NC_040300.1/37210-36931
Monodopsis__sp.1	Standard	Body:1-292,TagCDS:82-99,CCAequiv:293-295	QTCFA*	11	.	Plastids,d__Eukaryota,k__Ochrophyta,c__Eustigmatophyceae,o__Eustigmatales,f__Monodopsidaceae	GGGGCTGTAAAATAGGATTTCGACGGTTGAAATTTTTCTAAAAAGACAAACAATGTTTGAAGTTTAACCTTTAAAATAAAGcaaacatgctttgctTAAGTTTCTGAAAATTTACTATCCTTTAATTTAATGGGTTATATTTATTTAAGAATACTTAAATAAATATTTTAAATAATTTTTGTTTAAATGTTTTAAATCCTTATCACTATTATTATACTTTAAGTGTATACTAAAGAAAAGATTTTAAGTTATATTTTTCAGTCGGATGTAGGTTCAAGTCCTACCAGCTCCAtaa	1	KX839260.1/37752-37458
Nannochloropsis__gaditana.1	Standard	Body:1-272,TagCDS:81-98,CCAequiv:273-275	QNCFA*	11	.	Plastids,d__Eukaryota,k__Ochrophyta,c__Eustigmatophyceae,o__Eustigmatales,f__Monodopsidaceae	GGGGCTGTAAACTAGGATTTCGACGGTTGAATTTTGTCTAAAAGTACAAACAATGTTTGAATTAATAAAAACAAATAAAGcaaaactgttttgctTAAGTTTCTGAAACATTAATATCCTTTTTAGGGTTATACTTATTTTTAAAATATCTAAGTGAATACACTTAGATATTTTTAATTTTTATACTATTACCATATTTTAAGTTTATACTTATGAATAGATTTTAAGCTATAAAATTCAGTCGGATGTAGGTTCAAATCCTACCAGCTCCAtgg	1	NC_020014.1/46912-46638
Nannochloropsis__gaditana.2	Standard	Body:1-271,TagCDS:81-98,CCAequiv:272-274	QNCFA*	11	.	Plastids,d__Eukaryota,k__Ochrophyta,c__Eustigmatophyceae,o__Eustigmatales,f__Monodopsidaceae	GGGGCTGTAAACTAGGATTTCGACGGTTGAATTTTGTCTAAAAGTACAAACAATGTTTGAATTAATAAAGACAAATAAAGcaaaactgttttgctTAAGTTTCTGAAACATTAATATCCTTTTTAGGGTTATACTTATTTTAAAATATCTAAGTGAACACACTTAGATATTTTTAATTTTTATACTATTACCATATTTTAAGTTTATACTTATGAATAGATTTTAAGCTATAAAATTCAGTCGGATGTAGGTTCAAATCCTACCAGCTCCAtgg	1	KC598084.1/44267-43994
Nannochloropsis__granulata.1	Standard	Body:1-277,TagCDS:81-98,CCAequiv:278-280	QTCFA*	11	.	Plastids,d__Eukaryota,k__Ochrophyta,c__Eustigmatophyceae,o__Eustigmatales,f__Monodopsidaceae	GGGGCTGTAAATTAGGTTTTCGACGGTTGAATTTTATCTAAAAGTACAAACATTGTTTGAATCCTAAACAAAAAATAAAGcaaacttgctttgctTAAGTTTCTGAAACATTAATATCCTCTTGAGGGCCATAATTAATTAAAAAAATATATTTATAAATTATTATATAAATGTATTTTTAACCCTTATACTATTACTATACTTTAAGTGTATACTAATGAAAAGATTTTAAGTTATAAAATTCAGTCGGATGTAGGTTCAAGTCCTACCAGCTCCAtaa	1	NC_022259.1/44336-44057
Nannochloropsis__limnetica.1	Standard	Body:1-276,TagCDS:81-98,CCAequiv:277-279	QTCFA*	11	.	Plastids,d__Eukaryota,k__Ochrophyta,c__Eustigmatophyceae,o__Eustigmatales,f__Monodopsidaceae	GGGGCTGTAAATTAGGTTTTCGACGGTTGAATTTTATCTAAAAGTACAAACAGTGTTTGAATTCTAAACAAAAAATAAAGcaaacttgctttgctTAAGTTTCTGAAACATTAATATCCTTTTGAGGGCCATAATTAATTAAAAAATATATTAATTCATTAATTTATAGATATATTTTTAACTCTTATACTATTACTATACTTTAAGTGTATACTAATGAAAAGATTTTAAGTTATAAAATTCAGTCGGATGTAGGTTCAAGTCCTACCAGCTCCAtag	1	NC_022262.1/44364-44086
Nannochloropsis__limnetica.2	Standard	Body:1-276,TagCDS:81-98,CCAequiv:277-279	QTCFA*	11	.	Plastids,d__Eukaryota,k__Ochrophyta,c__Eustigmatophyceae,o__Eustigmatales,f__Monodopsidaceae	GGGGCTGTAAATTAGGTTTTCGACGGTTGAATTTTATCTAAAAGTACAAACAGTGTTTGAATTCTAAACAAAAAATAAAGcaaacttgttttgctTAAGTTTCTGAAACATTAATATCCTTTTGAGGGCCATAATTAATTAAAAAATATATTAATTCATTAATTTATAGATATATTTTTAACTCTTATACTATTACTATACTTTAAGTGTATACTAATGAAAAGATTTTAAGTTATAAAATTCAGTCGGATGTAGGTTCAAGTCCTACCAGCTCCAtag	1	MT872226.1/44382-44104
Nannochloropsis__oceanica.1	Standard	Body:1-276,TagCDS:81-98,CCAequiv:277-279	QTCFA*	11	.	Plastids,d__Eukaryota,k__Ochrophyta,c__Eustigmatophyceae,o__Eustigmatales,f__Monodopsidaceae	GGGGCTGTAAATTAGGTCTTCGACGATTGAATTTTATCTAAAAGTACAAACAGTGTTTGAATCCTAAACGAAAAATAAAGcaaacttgctttgctTAAGTTTCTGAAACATTAATATCCTCATAAGGGCTATAGTTAATTCAAAAATATATTCATAAGTTAGTATATCAATATATTTTTAACTCTTATAATATTACCATACTTTAAGTGTATACTAATGAAAAGATTTTCAGTTATAAAATTCAGTCGGATGTAGGTTCAAGTCCTACCAGCTCCAtaa	1	NC_022263.1/44312-44034
Nannochloropsis__oceanica.2	Standard	Body:1-276,TagCDS:81-98,CCAequiv:277-279	QTCFA*	11	.	Plastids,d__Eukaryota,k__Ochrophyta,c__Eustigmatophyceae,o__Eustigmatales,f__Monodopsidaceae	GGGGCTGTAAATTAGGTCTTCGACGATTGAATTTTATCTAAAAGTACAAACAGTGTTTGAATCCTAAACGAAAAATAAAGcaaacttgctttgctTAAGTTTCTGAAACATTAATATCCTCATGAGGGCTATAGTTAATTCAAAAATATATTCATAAGTTAGTATATCAATATATTTTTAACTCTTATAATATTACCATACTTTAAGTGTATACTAATGAAAAGATTTTCAGTTATAAAATTCAGTCGGATGTAGGTTCAAGTCCTACCAGCTCCAtaa	1	CP044614.1/56178-55900
Nannochloropsis__oculata.1	Standard	Body:1-276,TagCDS:81-98,CCAequiv:277-279	QTCFA*	11	.	Plastids,d__Eukaryota,k__Ochrophyta,c__Eustigmatophyceae,o__Eustigmatales,f__Monodopsidaceae	GGGGCTGTAAATTAGGTTTTCGACGGTTGAATTTTATCTAAAAGTACAAACAGTGTTTGAATCCTAAACAAAAAATAAAGcaaacttgttttgctTAAGTTTCTGAAACATTAATATCCTTTTAAGGGCCATAATTCATTAAAAAATATATTTGTAAATTAATATATCGATGTATTTTTAATTCTTATACTATTACTATACTTTAAGTGTATACTAATGAGAAGATTTTAAGTTATAAAATTCAGTCGGATGTAGGTTCAAGTCCTACCAGCTCCAtaa	1	NC_022260.1/44291-44013
Nannochloropsis__salina.1	Standard	Body:1-272,TagCDS:82-99,CCAequiv:273-275	QNSFA*	11	.	Plastids,d__Eukaryota,k__Ochrophyta,c__Eustigmatophyceae,o__Eustigmatales,f__Monodopsidaceae	GGGGCTGTAAACTAGGATTTCGACGGTTGAATTTTATCTAAAAGTACAAACAATGTTTGAATTAATAAAAAACAAATAAAGcaaaacagttttgctTAAGTTTCTGAAACATTAATATCCTTTTTAGGGTTATACTTATTTTAAAATATCTAAGTGAATACACTTAGATATTTTCAATTTTTATACTATTACCATATTTTAAGTTTATACTTATGAATAGATTTTAAGCTATAAAATTCAGTCGGATGTAGGTTCAAATCCTACCAGCTCCAtag	1	NC_022261.1/44330-44056
Nannochloropsis__salina.2	Standard	Body:1-272,TagCDS:82-99,CCAequiv:273-275	QNCFA*	11	.	Plastids,d__Eukaryota,k__Ochrophyta,c__Eustigmatophyceae,o__Eustigmatales,f__Monodopsidaceae	GGGGCTGTAAACTAGGATTTCGACGGTTGAATTTTATCTAAAAGTACAAACAATGTTTGAATTAATAAAAAACAAATAAAGcaaaactgttttgctTAAGTTTCTGAAACATTAATATCCTTTTTAGGGTTATACTTATTTTAAAATATCTAAGTGAATACACTTAGATATTTTCAATTTTTATACTATTACCATATTTTAAGTTTATACTTATGAATAGATTTTAAGCTATAAAATTCAGTCGGATGTAGGTTCAAATCCTACCAGCTCCAtag	1	KJ410685.1/113995-113721
Pseudellipsoidion__edaphicum.1	Standard	Body:1-284,TagCDS:82-99,CCAequiv:285-287	QTSFA*	11	.	Plastids,d__Eukaryota,k__Ochrophyta,c__Eustigmatophyceae,o__Eustigmatales,f__Neomonodaceae	GGGGCTGTCAGAAAGGCTTTCGACGATTAAAAGTATAATGAATTATAAACTATGTTTAATAAAAAAAATTTTAAAATAGAGcaaacatcttttgcaTAACTTTCTTTTCTTAAAAATTATTTATTAAAATAAATATAGACTCTTTATTTGACTAGAATACTGTTTAAACTATAAACATGAATTACTAGCTAAAAATTACTTTTATATTAAAAAATAAAATAAATTAAATAAAAGTTTATTAAAATTCTTTTAGTCGGATGTGGGTTCAAATCCTACCAGCTCCAaat	1	NC_040299.1/110397-110683
Trachydiscus__minutus.1	Standard	Body:1-322,TagCDS:85-102,CCAequiv:323-325	QAVFA*	11	.	Plastids,d__Eukaryota,k__Ochrophyta,c__Eustigmatophyceae,o__Goniochloridales,f__Goniochloridaceae	GGGGCTGTTTTTGGTGTCGACGGTTGCAAAGGACAATTTTTAGATTAAAAAAGATCTTTTTATAAATCAAATTTACAAATAAATcaagctgtttttgcaTAAATTTCAGAAATAAATTTAGAATTTTATTTGAGCACTTCAAATAAAAAATGGTTTTTGTTAGAATCACTCTAAACATTGGACTTTTTAAGTGACTAATTTTTAGTAAATAGTTATTTTGAAAAGCGTTTAATTTTAAAAAAGAATATTCCTGTAAAATAACGAAACGATAGAATCTATTAAAAAATGCAATCGGATGTAGGTTCAAATCCTACCAGCTCCAatc	1	NC_026851.1/20303-19979
Olisthodiscus__luteus.1	Standard	Body:1-265,TagCDS:77-124,CCAequiv:266-268	ANTILSFKRNLSLAV*	11	aragorn-1.2.40:110.9	Plastids,d__Eukaryota,k__Ochrophyta,c__Olisthodiscophyceae,f__Olisthodiscaceae	GGGACTGCTAATGGGTTTCGACAATTAAAACGTTCCTCTATTTCTTTGTAATTAAAATTATTTTCAAAAAATAATTgcaaatactattttatcatttaaacgaaatttaagcttagctgtaTAGAGTTATAATCACTTAAATCATATAATTTTTTAATTATTAAAAAATAAAAATTTGAAACTTGCGTTAATGTTAATATTATGTTATATTAAGGAGTAGAGAAAAACTTTTAATTGGACGTGGGTTCAACTCCCACCAGTTCCAaga	1	NC_057170.1/119329-119596
Aureococcus__anophagefferens.1	Standard	Body:1-333,TagCDS:95-148,CCAequiv:334-336	ANNILKLFTKRPVLAFA*	11	aragorn-1.2.40:106.4,infernal-1.1.2:111.0/tmRNA	Plastids,d__Eukaryota,k__Ochrophyta,c__Pelagophyceae,o__Pelagomonadales	GGGGCTGACATCGATTCGACAATTAGATTTGAAGGAACAATACAAGTCGAGAATGAGTGTATCTCGTAAACCACCACTCAAATTAAAAATAAATgcaaacaacattttaaagttatttactaagcgtcctgttttagcgtttgctTAAACCGTTTAGCTTCACAATTAGCCGTTTTTACTAAACTGTGAAGAAATTATAAAAGTGCTGCTGATACTATAAGCTAAGAAACATTTATCTATATAAATACCTACATATCACTATGTAACCAGAGCTTGCAATAATATTGACTGGTATAATCTAATTGGACGTGGGTTCAAATCCCACCAGTTCCAaaa	1	NC_012898.1/88021-87686
Aureoumbra__lagunensis.1	Standard	Body:1-306,TagCDS:93-146,CCAequiv:307-309	AKFFNSIFPTRPQLAFA*	11	aragorn-1.2.40:102.3,infernal-1.1.2:107.2/tmRNA	Plastids,d__Eukaryota,k__Ochrophyta,c__Pelagophyceae,o__Pelagomonadales	GGGGCTGATATCGTTTCGACAATTTAATTTTACTGAAGGCACAAGTCGAGCATTCGTCTTACTCGTAAAATATGGCGTTTAAAAAATTAAATgcaaaattctttaattcaatttttccaactcgtccacaattagcattcgctTAATGTCCGGTTTGGCGACATAAAATTACTGGGCTCATTTTATGTTGTAATTTGCTCGCTGCTAATTTTAGCTAAGAGAATTTTTTCAATCTCTGTTTGTAAACTTGTATAATGTCTTTAGATGAATTAATATTGGACGTGGGTTCAATTCCCACCAGCTCCActa	1	NC_012903.1/92761-92453
Pelagomonas__sp.1	Standard	Body:1-322,TagCDS:95-148,CCAequiv:323-325	ANNILKFFTKSPVVAFA*	11	aragorn-1.2.40:105.9	Plastids,d__Eukaryota,k__Ochrophyta,c__Pelagophyceae,o__Pelagomonadales	GGGGCTGAAATCGATTCGACGATTAGGTTTTAAGAGACAATACAAGTCGAGAATGGGAATTTCTCGTTAAAATTTCTCAAAAAAAATAATAAATgcaaataacattttaaaattctttaccaagtctccggtagtagcattcgctTAGAACCTTTGGTTTCACATTAGTCTAATCTTAATCTAATATGAAAATATTTAAGATGCAGCTAAAAAATAAATTTAGCTAAGAACCCTACGCAATCAAATGTATGTATAACAGAACTTGGAATACTATTGACTAATATAATCTAATTGGACGTGGGTTCAAATCCCACCAGTTCCAaaa	1	JX297813.1/1314-1638
Dictyopteris__divaricata.1	Standard	Body:1-363,TagCDS:75-119,CCAequiv:364-366	ANNIINYKQNAIFA*	11	aragorn-1.2.40:108.1	Plastids,d__Eukaryota,k__Ochrophyta,c__Phaeophyceae,o__Dictyotales,f__Dictyotaceae	GGGGCTGCAGTGGTTTCGACATTTATGATTTAATAATAAAAAGCAGATAATCATATTAAACTTAACAAATAATTgcaaacaatattattaattacaaacaaaacgctatttttgcaTAAAATTCTAGAATTTTGAATTTAATCCTATATATAATATCTGATTAAATAGTCTAACATATTATTTTACTAAAAATTAAAAAAAATTTAGTTACAGCAATGCTTACATTTCTCTGTATATAACGAGATAAAAAATATAGGTTGAAGGGATATTCTATTTAGAAGATCTTTTTAACTAAATCTGTGAAACTCTAAGATATTTAGATTTTTTCATAAATGGACGTGGGTTCAATTCCCACCAGCTCCTtta	2	NC_036804.1/45782-46147,NC_058752.1/45781-46146
Pylaiella__littoralis.1	Standard	Body:1-395,TagCDS:76-120,CCAequiv:396-398	ANNIMSFNKNQVFA*	11	.	Plastids,d__Eukaryota,k__Ochrophyta,c__Phaeophyceae,o__Ectocarpales,f__Acinetosporaceae	NNNNNNNNNNNNNNNNNNNNATTTAAAATTATAATAGTTACTAAGCAGATTTAAGTCTTAGAATATAAAATAATTgcaaacaacattatgagctttaataaaaaccaagtttttgcaTAAAATACTTGAGTTTTAATATCAATCAATTTTATAATTGTTGATTGAAATAGGTAGAAGATTATTTTTTCTCTTAAATTTTAGTTTTGGTAATTTTACTATCAGTAAAATATAATATTTATAAAATAAATATAAATCGATCCATATTTTTGCTACCAATCTGTTTTTAATAGTTTTAAGCTTATTTTAGCTAAGCAGATTGATAACTAAATCTGTGATTTTAGTACTTAGTTTGATAATTTTTTAAATGGACGTGGNNNNNNNNNNNNNNNNNNNNNnnn	1	HG528735.1/1-354	N's: PCR primer-binding sequence
Cladosiphon__okamuranus.1	Standard	Body:1-416,TagCDS:76-120,CCAequiv:417-419	ANNIMSFNKNQVFA*	11	.	Plastids,d__Eukaryota,k__Ochrophyta,c__Phaeophyceae,o__Ectocarpales,f__Chordariaceae	GGGGCTGTGTTGGCTTCGACATTTAAAATGATACTAATTACTAAGCAGATTTAAACCTTAAAATATAAAATAATTgcaaacaatattatgagttttaataaaaaccaagtttttgcaTAAAATTCTTGTGTTTTAATATCAATCAACTCTATAATCGTTGGTTGAAGTAGGTATAAGATTGTTTTCCTCCTAAATATTTATAAAATTTAGTTTTGGTCATATTATTACTATCTACTACGATATGAAATTTATGTTTATTAGTAAATATTAAATATAAACTGATTTACATTTTTGTTAGCAATTTGTTTACTAATAGTTTTAAATTTAACTGAAACAACTGATAACTAAATCTGTGATTTCAGTAATTAGTTTGATAATTTTTTAAATGGACGTGGGTTCAAATCCCACCAGCTCCTccc	1	NC_046005.1/36242-36660
Pleurocladia__lacustris.1	Standard	Body:1-366,TagCDS:76-120,CCAequiv:367-369	ANNIINFNKNQVFA*	11	aragorn-1.2.40:106.6	Plastids,d__Eukaryota,k__Ochrophyta,c__Phaeophyceae,o__Ectocarpales,f__Chordariaceae	GGGGTTGCATTGGTTTCGACATTTAAAATTAAACTAATTAATAAGCAGATTTAAACATTAAAATATAAATTAATTgcaaataatattattaatttcaataaaaatcaagtttttgcaTAAAATTCTTGCGTTTTGAAATCAATCAATTAAAATTCGATAATCATTGATTGAACTCAGTAAAAGATTATTATTTCCCTCGTATTTGAAAAAATTTAGTTTTGGTCATGTATAATAAAATACAAAAAATATAATATGGTTTTCAATTGTCTTATTTTTTAAATAAAAAAATTGAGAACTAAATCTGTGAGTTTACCAATTAGTTTAATCTTTTTTAAATGGACGTGGGTTCAAATCCCACCAACTCCTtaa	1	NC_032045.1/72829-72461
Ectocarpus__siliculosus.1	Standard	Body:1-407,TagCDS:76-120,CCAequiv:408-410	ANNIINFNKNQIFA*	11	aragorn-1.2.40:107.7	Plastids,d__Eukaryota,k__Ochrophyta,c__Phaeophyceae,o__Ectocarpales,f__Ectocarpaceae	GGGGTTGTATTGGTTTCGACATTTAGAATTACACTACTTACTAAGCAGATTTATATAGTAGAATATAAAATAATTgcaaacaatattattaattttaataaaaaccaaatttttgcaTAAAAATTTTGGATTTTAAAATCAATCAATTTTATAACTGTTGATTGAAGTGGGTAACAGATTATTTTCACTCTAAAATTTATAAAAATATAGTTTTGGTAAGGTTAATATCCTTATGATATAAAAATTATATTTATTTATATGAAAATTTATAATAAATATAAATTAATACACTTGTTTGTTATTAATTGAATAAATTTGATTAAAACAATTAATAACTAAATCTGTGATTTAAATAATTAGTTTGATAATTTTTTAAATGGACGTGGGTTCAAATCCCACCAGCTCCTcca	1	NC_013498.1/65461-65870
Ishige__okamurae.1	Standard	Body:1-401,TagCDS:89-133,CCAequiv:402-404	ANNIINFKKHQIFA*	11	aragorn-1.2.40:111.2	Plastids,d__Eukaryota,k__Ochrophyta,c__Phaeophyceae,o__Ectocarpales,f__Ishigeaceae	GGGGCTGTTTTGGCATCGACATTTAAGGATAAGAAAATTTATAAGCAGATCATAATGTACTATATGTACATAGCAAATAAAAATAATTgcaaacaatattattaactttaaaaaacatcaaatttttgcgTAAACTATTTGTCTTCTAATATTAGTCCCAATTGTAATGTAGGACTGATATGGATATATATATTACATTTCTCTAAAGGAATTTAGATTAGGAAGTTATAGGAAAAGACTAACATAACATATTTATTCTATTTCATATAAAAATAATAGTTTATGTTCTTATTTGTACCTTTTATTTTTTTGAACAAAAGGTATAAAAAGAACTATATCTGTGAAAAATAAATTATTTACATATCCTTAGATGGACGTGGGTTCAAATCCCACCAGCTCCAtaa	1	NC_058314.1/26414-26817
Colpomenia_sinuosa.1	Standard	Body:1-392,TagCDS:76-120,CCAequiv:393-395	ANNIINFKKNLVFA*	11	aragorn-1.2.40:108.2	Plastids,d__Eukaryota,k__Ochrophyta,c__Phaeophyceae,o__Ectocarpales,f__Scytosiphonaceae	GGGGCTGTATTGGTTTCGACATTTAAGATTATACTAATTGCTAAGCAGACTTAAGTCTTAGAATATAAAATAATTgcaaataatattattaattttaaaaaaaacctagtgtttgcaTAAAATTCTTGAGTTTTAACATCAGTCAATTGTCTAATCGTTGATTGAAGTAGGTAAATGATTCGATTTGCGCTATAATTTTGAAAAATTTAGTTTTGGTCATATTAGTAACTATATAATATGAATATAAAATTTATATTTATAATCTAAATGATAAATCTCAACTGATCTACTTTTTGTTATTAATTTTAAATTAATAGCTAAATCTGTGAGTTAAGTGATTAGTTTGATAATTTTTTAAATGGACGTGGGTTCAAATCCCACCAGCTCCTCCAtaa	1	NC_081925.1/6238-6632
Endarachne__binghamiae.1	Standard	Body:1-379,TagCDS:76-120,CCAequiv:380-382	ANNIINFKKNQVFA*	11	aragorn-1.2.40:107.4	Plastids,d__Eukaryota,k__Ochrophyta,c__Phaeophyceae,o__Ectocarpales,f__Scytosiphonaceae	GGGGCTGTATTGGTTTCGACATTTAAAATTACACTAATCACTAAGCAGACTTAAGTCTTAAAATATAAAGTAATTgcaaacaatattattaatttcaagaaaaaccaagtttttgcaTAAATTTCTTAGGTTTTAACATCAATCAAGTACTTAATTATTGATTGAACTAGGTAAAGATTATTTTTTCGCTAGATTTTAAAAAAATTTAGTTTTGGCCACATTAGTAGCTATACAATATAAAATTTCTATAGCATCAATAATAAATCTAAACTAATCTAATTTTTTGTTATTAATAACAAAATTAATAACTAAATCTGTGAGATAAGTCATTAGTTTGATGATTTTTAAATGGACGTGGGTTCAAATCCCACCAGCTCCTtaa	1	NC_038231.1/38081-38462
Scytosiphon__canaliculatus.1	Standard	Body:1-378,TagCDS:76-120,CCAequiv:379-381	ANNIINFKKNQVFA*	11	aragorn-1.2.40:107.4	Plastids,d__Eukaryota,k__Ochrophyta,c__Phaeophyceae,o__Ectocarpales,f__Scytosiphonaceae	GGGGCTGTATTGGTTTCGACATTTAAAATTACACTAATTGCTAAGCAGAATTAAGTCTTAGAATATAAAGTAATTgcaaataatattattaattttaaaaaaaaccaagtttttgcaTAAAATTCTTCGGTTTTAACATCAATTAATTATCTAATTGTTAATTGAAGTCGGTAAAAAATTCTTTTTTCCCTAGAATTTTTGAAAATTTAGTTTTGGTCATATTAATAGCCATAGAATATAAATTTCTATAGTATAAATAATAAATATAAACTAATCTAGCTTTTGTTGTTAATAAAAGATTAATAACTAAATCTGTGAGTAAAGTGATTAGTTTGATGATTTTTTAAATGGACGTGGGTTCAAATCCCACCAGCTCCTcaa	1	NC_044758.1/39346-39726
Scytosiphon__lomentaria.1	Standard	Body:1-380,TagCDS:76-120,CCAequiv:381-383	ANNIINLKKNQVFA*	11	aragorn-1.2.40:106.5	Plastids,d__Eukaryota,k__Ochrophyta,c__Phaeophyceae,o__Ectocarpales,f__Scytosiphonaceae	GGGGCTGTATTGGTTTCGACATTTTAAATTACACTAATTGCTAAGCAGACTTAAGTCTTAGAATATAAAGTAATTgcaaataatattattaatttaaaaaaaaaccaagtgtttgcaTAAAACTCTTGAATTTTCACATTAATCAATTTTTTAGTTGTTGATTAAAGTAGGCAAAAGATTTTTTTCCGCTAAAATTTAAAAAAGTTTAGTTTTGGTCATATTAGTAGCTATACAATATAAAATTTCTATAGTGTCAATAATAAACGTAAACGGATCTACCCTCTTGTTATTAATAAATTTATTAATAACTAAATCTGTGAGTTAAGTAGTTAGTTTAATAATTTTTTAAATGGACGTGGGTTCAAATCCCACCAGCTCCTaaa	1	NC_057081.1/64964-65346
Scytosiphon__promiscuus.1	Standard	Body:1-380,TagCDS:76-120,CCAequiv:381-383	ANNIINFKKNQVFA*	11	aragorn-1.2.40:106.5	Plastids,d__Eukaryota,k__Ochrophyta,c__Phaeophyceae,o__Ectocarpales,f__Scytosiphonaceae	GGGGCTGTATTGGTTTCGACATTTTAAATTACACTAATTGCTAAGCAGACTTAAGTCTTAGAATATAAAGTAATTgcaaataatattattaattttaaaaaaaaccaagtgtttgcaTAAAACTCTTGAATTTTCACATTAATCAATTTTTTAGTTGTTGATTAAAGTAGGCAAAAGATTTTTTTCCGCTAAAATTTAAAAAAGTTTAGTTTTGGTCATATTAGTAGCTATATAATATAAAATTTCTATAGTGTCAATAATAAACGTAAACGGATCTACCCTCTTGTTATTAATAAATTTATTAATAACTAAATCTGTGAGTTAAGTAGTTAGTTTAATAATTTTTTAAATGGACGTGGGTTCAAATCCCACCAGCTCCTaaa	1	NC_046447.1/38531-38913
Fucus__vesiculosus.1	Standard	Body:1-451,TagCDS:76-120,CCAequiv:452-454	ANNIINFNKSQVFA*	11	.	Plastids,d__Eukaryota,k__Ochrophyta,c__Phaeophyceae,o__Fucales,f__Fucaceae	GGGGCTGAATTGGTTTCGACATTTATAATTAAATTAATTAATAAGCAGATTTTATTTTTAAAATATTAAATAATTgcaaataatattattaattttaataaaagccaagtttttgcaTAAAATTCGTGAGTTTTATTATCAATTAATGATAATTTTTAATTGAAAGAGGTAAAAAATTAATTTCTCTAAAACTTTAAAAAAGTTTAGTTTTGGTTTTATATTATACTTATACTATTATAAAGAATAAGAAAATTTTCTTATTATATAAATATATATAGACTATCTAAGTTATTAAAATGTTTAATAATTAATTATTGAATATTTATTATTTATATAATTGAAAAAATTTTAATTAATTAAAAATAATTAAACAAATAACTAAATCTGTGATTTTATTAGTTAGTTCGTTAATTATTTAAAATGGACGTGGGTTCAAATCCCACCAGCTCCTtat	1	NC_016735.1/9552-10005
Silvetia__siliquosa.1	Standard	Body:1-441,TagCDS:76-120,CCAequiv:442-444	ANNIISFNKSQVFA*	11	.	Plastids,d__Eukaryota,k__Ochrophyta,c__Phaeophyceae,o__Fucales,f__Fucaceae	GGGGCTGAATTGGTTTCGACATTTATAATTAAATTAATTAATAAGCAGATTTAACTTTTAAGATATTAAATAATTgcaaataatattattagttttaataaaagccaagtttttgcaTAAAATTCGTGAGTTTTATTATCAATTAATGATAATTTTTAATTGAAAGAGGTAAAAAATTAATTTCTCTAAAACTTTAAAAAAGTTTAGTTCTGGTTTTATATTATAATTATACTATTATAAAGAATAAGAAAATTTTCTTATTATAGATATATATATAGACTATCTAAGTTATTAGAATGTTTAATAATTAATTATTGGATCTTTATTCATTATACAATTGAAAAAATTCTAATTAATTAAACAAATAACTAAATCTGTGATTTCATTAGTTAGTTCATTAATTATTTAAAATGGACGTGGGTTCAAATCCCACCAGCTCCTgat	1	NC_061768.1/4350-4793
Coccophora__langsdorfii.1	Standard	Body:1-460,TagCDS:77-121,CCAequiv:461-463	ANNIIIFNKNQVFV*	11	.	Plastids,d__Eukaryota,k__Ochrophyta,c__Phaeophyceae,o__Fucales,f__Sargassaceae	GGGACTGTAATGGTTTTGACATTTGTAATTAATGTTAATTAATAAGCAGATTTAACTATTAAGATATTAAATAATTgcaaataatattattatttttaataaaaaccaagtttttgtaTAGAATTCTTTAGTTTTAGTATCAATTAATGATATAGTTCTTAATTGAAATAGGTAAAAAATTATATTTTCCTAAAACTTTTTAAAAGTTTTATATTGATTTTAATATTGAAATTTTCTTATTGTGATATATTGAAGATGAAAAACTTCCTTTATTTAGAAAAATTAACTACTCAAGTTATTATTATTGTTATGAGTTAATGGTTAAATATTTAGAAAATTCAAATAATTTTGAAAAATTTAATTAATTATCCCTAATTAAAAGAATAACTAAATCTGTGATTTTATTAGTTAATTCGACATTTATTTAAAATGGACGTGGGTTCAAATCCCACCAGTTCCTtat	1	NC_032288.1/49108-49570
Sargassum__confusum.1	Standard	Body:1-461,TagCDS:77-121,CCAequiv:462-464	ANNIIIFNKNQVFV*	11	.	Plastids,d__Eukaryota,k__Ochrophyta,c__Phaeophyceae,o__Fucales,f__Sargassaceae	GGGGCTGTAATGGTTTTGACATTTATAATTAGTGTTAATTAATAAGCAGATTTAACTATTAAGATATTAAATAATTgcaaataatattattatttttaataaaaaccaagtttttgtgTAAAATTCTTTAGTTTTATTATCAATTACTGATATAATTCTTAATTGAAAGAGGTAAAAAATTATATTTTCCTAAAACTTATTAAAGCTTTAGATTGATTTTAATATTCAAATGAGCTTAATTTATAAGAGAAAAGATGAAAAACCTTTTTTTATTTAAAAAAACTAACTACTCAGAGTTATTATTATTTTTATAAATGAATGATTAAACATTTTTAAAATTCCTTGAATTTTAAAAAATTTAATCAATTATCTACAATTAAAAGAATAACTAAATCTGTGATTTTATTATTTAATTAGACGTTTATTTAAAATGGACGTGGGTTCAAATCCCACCAGCTCCTtat	1	NC_066050.1/4231-4694
Sargassum__fulvellum.1	Standard	Body:1-428,TagCDS:77-121,CCAequiv:429-431	ANNIIIFNKNQVFV*	11	.	Plastids,d__Eukaryota,k__Ochrophyta,c__Phaeophyceae,o__Fucales,f__Sargassaceae	GGGGCTGTAATGGTTTTGACATTTATAATTAGTGTTAATTAATAAGCAGATTTAACTACTAAGATATTAAATAATTgcaaataatattattatttttaataaaaaccaagtttttgtaTAAAATTCTTTAGTTTTATTATCAATTACTGATACAATTCTTAATTGAAAGAGGTAAAAAAGTATGTTTTCCTAAAACTTATTAAAGTTTTAGATTGATTTTAATATTAAAATGAGCTTAATTCTTGAGATAAAAAAAAAGATGAAAAACCAACTACTCAAAGTTATTATTATTGTTATGAATGAATGATTAAATTTTTTAAAAAATTTAATCATTCATTCATAACAATAATAATAACTAAATCTGTGATTTTATTATTTAATTAGATACTTATTTTAAATGGACGTGGGTTCAAATCCCACCAGCTCCTtat	1	NC_066457.1/4292-4722
Sargassum__fusiforme.1	Standard	Body:1-464,TagCDS:77-121,CCAequiv:465-467	ANNIIIFNKSQVFV*	11	.	Plastids,d__Eukaryota,k__Ochrophyta,c__Phaeophyceae,o__Fucales,f__Sargassaceae	GGGGCTGTAATGGTTTTGACATTTATAATCAGTGTTAATTAATAAGCAGATTTAACTATTAAGATCTCAAATAATTgcaaataatattattatttttaataaaagccaagtttttgtaTAAAATTATTTAGTTTTATTATTAATTACTGATGTAATTCCTAATTGAAAGAGGTAAAAAATTATATTTTCCTAAAACTTATTAAAGCTTTAGATTGATTTTAATATTGAAATGAGCTTAATTCATGAGAAAAAAGATGAAAAACCTTTTTTTTTTATTTAAAAAAACTAACTACTCAGAGTTATTATTATTGTTATAAATGAATGATTAAAGATTTTTAAAATTCAGGGAATTTTAAAAAATTTAATCAATTATTTCCAATTAAAAAGATAACTAAATCTGTGATTTTATTATTTAATTAAACATTTATTTAAAATGGACGTGGGTTCAAATCCCACCAGCTCCTtat	1	NC_048511.1/9564-10030
Sargassum__horneri.1	Standard	Body:1-400,TagCDS:77-121,CCAequiv:401-403	ANNIIIFNKNQVFV*	11	aragorn-1.2.40:102.0	Plastids,d__Eukaryota,k__Ochrophyta,c__Phaeophyceae,o__Fucales,f__Sargassaceae	GGGGCTGTAATGGTTTTGACATTTATAATTAGTGTTAATTAATAAGCAGATTTAACTATTAAGATAGTAAATAATTgcaaataacattattatttttaataaaaaccaagtttttgtaTAAAATTCTTTAGTTTTATTATCAATTACTGATATAATTCTTAATTGAAAGAGGTAAAAAATTATATTTTCCTAAAACTTAGTAAAGCTTTAGATTGATTTTAATATTGAAATGAGCTTAAATCATGAGAGAAAAGATGAAAAACCTTTTTTTTTTATTTAAAAAAACTAACTACTCGGAGTTATTATTATTCATAGCAATAATAATAACTAAATCTGTGATTTTATTATCTAATTAGACATTTATTTAAAATGGACGTGGGTTCAAATCCCACCAGCTCCTtat	1	NC_029856.1/9528-9930
Sargassum__macrocarpum.1	Standard	Body:1-463,TagCDS:77-121,CCAequiv:464-466	ANNIIIFNKNQVFV*	11	.	Plastids,d__Eukaryota,k__Ochrophyta,c__Phaeophyceae,o__Fucales,f__Sargassaceae	GGGGCTGTAATGGTTTTGACATTTATAATTAGTGTTAATTAATAAGCAGATTTAACTATTAAGATATTAAATAATTgcaaataatattattatttttaataaaaaccaagtttttgtaTAAAATTCTTTAGTTTTATTATCAATTACTGATATAATTCTTAATTGAAAGAGGTAAAAAATTATATTTTCCTAAAACTTATTAAAGCTTTAGATTGATTTTAATATTGAAACGAGCTTAATTCATGAGAGAAAAGATGAAAAACCTTTTTTTTTATTTAAAAAAACTAACTACTCAGAGTTATTATTATTGTTATGAATGAATGATTAAAGATTTTTAAAATTCTTTGAATTTTAAAAAATTTAATCAATTGTCCCTAATTAAAAGAATAACTAAATCTGTGATTTTATTATTTAATTAGACATTTATTTAAAATGGACGTGGGTTCAAATCCCACCAGCTCCTtat	2	NC_066459.1/4306-4771,NC_066458.1/4305-4770
Sargassum__plagiophyllum.1	Standard	Body:1-464,TagCDS:77-121,CCAequiv:465-467	ANNIIIFNKNQVFV*	11	.	Plastids,d__Eukaryota,k__Ochrophyta,c__Phaeophyceae,o__Fucales,f__Sargassaceae	GGGGCTGTAATGGTTTTGACATTTATAACTAGTGTTAATTAATAAGCAGATTTAACTATTAAGATATTAAATAATTgcaaataatattattatttttaataaaaaccaagtttttgtaTAAAATTCTTTAGTTTTATTATCAATTACTGATATAATTCTTAATTGAAAGAGGTAAAAAATTATGTTTTCCTAAAACTTATTAAAGCTTTAGATTGATTTTAATATTGAAATGAGATTAATTCATGAGAGAAAAGATGAAAAACCTTTTTTTTTTATTTAAAAAAACTAACTATTCAGAGTTATTATTATTGTTATGAATGACTGATTAAAGATTTAGAAAATTCAAAGAATTTTAAAAAATTTACTCAATTGTCCCTAATTAAAAGAATAACTAAATCTGTGATTTTATTATTTAATTAGACATTTATTTAAAATGGACGTGGGTTCGAATCCCACCAGCTCCTtat	1	NC_064732.1/49712-50178
Sargassum__polycystum.1	Standard	Body:1-463,TagCDS:77-121,CCAequiv:464-466	ANNIIIFNKNQVFV*	11	.	Plastids,d__Eukaryota,k__Ochrophyta,c__Phaeophyceae,o__Fucales,f__Sargassaceae	GGGGCTGTAATGGTTTTGACATTTATAACTAGTGTTAATTAATAAGCAGATTTAACTATTAAGATATTAAATAATTgcaaataatattattatttttaataaaaaccaagtttttgtaTAAAATTCTTTAGTTTTATTATCAATTACTGATATAATTCTTAATTGAAAGAGGTAAAAAATTATGTTTTCCTAAAACTTATTAAAGCTTTAGATTGATTTTAATATTGAAATGAGATTAATTCATGAGAGAAAAGATGAAAAACCTTTTTTTTTATTTAAAAAAACTAACTATTCAGAGTTATTATTATTGTTATGAATGACTGATTAAAGATTTAGAAAATTCAAAGAATTTTAAAAAATTTAATCAATTGTCCCTAATTAAAAGAATAACTAAATCTGTGATTTTATTATTTAATTAGACATTTATTTAAAATGGACGTGGGTTCGAATCCCACCAGCTCCTtat	1	NC_064730.1/9549-10014
Sargassum__siliquastrum.1	Standard	Body:1-462,TagCDS:77-121,CCAequiv:463-465	ANNIIIFNKNQVFV*	11	.	Plastids,d__Eukaryota,k__Ochrophyta,c__Phaeophyceae,o__Fucales,f__Sargassaceae	GGGGCTGTAATGGTTTTGACATTTATAATTAGTGTTAATTAATAAGCAGATTTAACTATTAAGATATTAAATAATTgcaaataatattattatttttaataaaaaccaagtttttgtaTAAAATTCTTTAGTTTTATTATCAATTACTGATATAATTCTTAATTGAAAGAGGTAAAAAATTATATTTTCCTAAAACTTATTAAAGCTTTAGATTGATTTTAATATTGAAACGAGCTTAATTCATGAGAGAAAAGATGAAAAACCTTTTTTTTATTTAAAAAAACTAACTACTCAGAGTTATTATTATTGTTATGAATGAATGATTAAAGATTTTTAAAATTCTTTGAATTTTAAAAAATTTAATCAATTGTCCCTAATTAAAAGAATAACTAAATCTGTGATTTTATTATTTAATTAGACATTTATTTAAAATGGACGTGGGTTCAAATCCCACCAGCTCCTtat	1	NC_064337.1/69398-68934
Sargassum__thunbergii.1	Standard	Body:1-463,TagCDS:77-121,CCAequiv:464-466	ANNIIIFNKNQVFV*	11	.	Plastids,d__Eukaryota,k__Ochrophyta,c__Phaeophyceae,o__Fucales,f__Sargassaceae	GGGGCTGTAATGGTTTTGACATTTATAATTAGTGTTAATTAATAAGCAGATTTAACTATTAAGATATTAAATAATTgcaaataatattattatttttaataaaaaccaagtttttgtaTAAAATTCTTTAGTTTTATTATCAATTACTGATATAATTCTTAATTGAAAGAGGTAAAAAATTATATTTTCCTAAAACTTATTAAAGCTTTAGATTGATTTTAATATTGAAATGAGCTTAATTTATGAGAGAAAAGATGAAAAACTTTTTTTTTAATTTAAAAAAACTAACTACTCAGAGTTATTATTATTTTTATAAATGAATGATTAAAGATTTTTAAAATTCAAGGAATTTTAAAAAATTTAATCAATTATATACAATTAAAAGAATAACTAAATCTGTGATTTTATTATTTAATTAGAGATTTATTTAAAATGGACGTGGGTTCAAATCCCACCAGCTCCTtat	1	NC_029134.1/9552-10017
Costaria__costata.1	Standard	Body:1-419,TagCDS:77-121,CCAequiv:420-422	ANNIINFNKNQVFA*	11	.	Plastids,d__Eukaryota,k__Ochrophyta,c__Phaeophyceae,o__Laminariales,f__Agaraceae	GGGGCTGTATTGGTTTCGACATTTATAATTCTATTAATCAATAAGCAGATTTAAAGACTTAAAATATACAGTAATTgcaaataacattattaattttaacaaaaaccaagtctttgcaTAAATTTCTTGAATTTTAACCTCAATCAATTATATAATTGTTGATTGAGATAGGAATAAGATTATTTTTCCCTAAAACTTTACAAAACTTTAGTTTTGGTATTATTATTATAAATAAAGTATTTTAATTTTATTTATTAATAGAAAATAAACATAAACTCAACAACTTTTTTGTTAAAAATTCATTTATTTAGCGTTTTAAATGTAACGAAAGTAAACTAATTGATAACTAAATCTGTGATTGCATTGATTAGTTTAGCAATTATTTTAAATGGACGTGGGTTCGAGTCCCACCAGCTCCTcac	1	NC_028502.1/44158-43737
Alaria__crassifolia.1	Standard	Body:1-419,TagCDS:77-121,CCAequiv:420-422	ANNIINFNKNQVFA*	11	.	Plastids,d__Eukaryota,k__Ochrophyta,c__Phaeophyceae,o__Laminariales,f__Alariaceae	GGGGCTGTATTGGTTTCGACATTTATAATTCTATTAATCAATAAGCAGATCTAAACACTTAAAACATACAGTAATTgcaaacaacattattaattttaacaaaaatcaagtctttgcaTAAATTTCTTGAATTTTAACCTCAATCAATTATATAATTGTTGATTGAAATAGGAATAAGATTATTTTTCCCTAAAACTTTACAAAACTTTAGTTTTGGTATTATTATTATAGATAAAGTATTTTAATTTTATTTATTAATATAAAATAAACATAAACTCATCAACTTTCTTGTTAGAAACTTGTTTATTTAGCGTTTTAAAGGTAACGAAAGTAAACTAATTGATAACTAAATCTGTGATTACATTGATTAGTTTGATGATTATTTTAAATGGACGTGGGTTCGAGTCCCACCAGCTCCTcac	1	NC_058771.1/44141-43720
Alaria__crispa.1	Standard	Body:1-419,TagCDS:77-121,CCAequiv:420-422	ANNIINFNKNQVFA*	11	.	Plastids,d__Eukaryota,k__Ochrophyta,c__Phaeophyceae,o__Laminariales,f__Alariaceae	GGGGCTGTATTGGTTTCGACATTTATAATTCTATTAATCAATAAGCAGATCTAAACACTTAAAACATACAGTAATTgcaaacaacattattaattttaacaaaaatcaagtctttgcaTAAATTTCTTGAATTTTAACCTCAATCAATTATATAATTGTTGATTGAAATAGGAATAAGATTATTTTTCCCTAAAACTTTACAAAACTTTAGTTTTGGTATTATTATTATAGATAAAGTATTTTAATTTTATTTATTGATATAAAATAAACATAAACTCATCAACTTTCTTGTTAGAAACTTGTTTATTTAGCGTTTTAAAGGTAACGAAAGTAAACTAATTGATAACTAAATCTGTGATTACATTGATTAGTTTGATGATTATTTTAAATGGACGTGGGTTCGAGTCCCACCAGCTCCTcac	2	NC_058770.1/44152-43731,NC_058768.1/44130-43709
Alaria__marginata.1	Standard	Body:1-419,TagCDS:77-121,CCAequiv:420-422	ANNIINFNKNQVFA*	11	.	Plastids,d__Eukaryota,k__Ochrophyta,c__Phaeophyceae,o__Laminariales,f__Alariaceae	GGGGCTGTATTGGTTTCGACATTTATAATTCTATTAATCAATAAGCAGATCTAAACACTTAAAACATACAGTAATTgcaaacaacattattaattttaacaaaaatcaagtctttgcaTAAATTTCTTGAATTTTAACCTCAATCAATTATATAATTGTTGATTGAAATAGGAATAAGATTATTTTTCCCTAAAACTTTACAAAACTTTAGTTTTGGTATTATTATTATAAATAAAGTATTTTAATTTTATTTATTGATATAAAATAAACAAAAACTCATCAACTTTCTTGTTAGAAACTTGTTTATTTAGCGTTTTAAAGGTAACGAAAGTAAACTAATTGATAACTAAATCTGTGATTCCATTGATTAGTTTGATGATTATTTTAAATGGACGTGGGTTCGAGTCCCACCAGCTCCTcac	1	NC_058769.1/44138-43717
Alaria__praelonga.1	Standard	Body:1-419,TagCDS:77-121,CCAequiv:420-422	ANNIINFNKNQVFA*	11	.	Plastids,d__Eukaryota,k__Ochrophyta,c__Phaeophyceae,o__Laminariales,f__Alariaceae	GGGGCTGTATTGGTTTCGACATTTATAATTCTATTAATCAATAAGCAGATCTAAACACTTAAAACATACAGTAATTgcaaacaacattattaattttaacaaaaatcaagtctttgcaTAAATTTCTTGAATTTTAACCTCAATCAATTATATAATTGTTGATTGAAATAGGAATAAGATTATTTTTCCCTAAAACTTTACAAAACTTTAGTTTTGGTATTATTATTATAAATAAAGTATTCTAATTTTATTTATTGATATAAAATAAACATAAACTCATCAACTTTCTTGTTAGAAACTTGTTTATTTAGCGTTTTAAAGGTAACGAAAGTAAACTAATTGATAACTAAATCTGTGATTACATTGATTAGTTTGATGATTATTTTAAATGGACGTGGGTTCGAGTCCCACCAGCTCCTcat	1	NC_058772.1/44097-43676
Undaria__pinnatifida.1	Standard	Body:1-419,TagCDS:77-121,CCAequiv:420-422	ANNIINFSKNQVFA*	11	.	Plastids,d__Eukaryota,k__Ochrophyta,c__Phaeophyceae,o__Laminariales,f__Alariaceae	GGGGCTGTATTGGTTTCGACATTTATAATTCTATTAATCAATAAGCAGGTTTAAAAACTTAAACCATATAGTAATTgcaaacaacattattaattttagcaaaaatcaagtctttgcaTAAATTTCTTGAATTTTAACCTCAATCAATTATATAATTGTTGATTGAAATAGGAATAAAATTATTTTTCCCTAAAACTTTACAAAACTTTAGTTTTGGTATTATTATTATAAATAAAGTATTTTAATTTTCTTTATTGATATAAAATAAACATAAACTCATCAACTTTCTTGTTAGAAAATTGTTTATTTAACGTTTTAAAAGTAACGAAAGTAAACTAATTGATAACTAAATCTGTGATTACATTGATTAGTTTGATGATTATTTTAAATGGACGTGGGTTCGAATCCCACCAGCTCCTcat	1	NC_028503.1/44018-43597
Laminaria__digitata.1	Standard	Body:1-419,TagCDS:77-121,CCAequiv:420-422	ANNIINFNKNQVFA*	11	.	Plastids,d__Eukaryota,k__Ochrophyta,c__Phaeophyceae,o__Laminariales,f__Laminariaceae	GGGGCTGTATTGGTTTCGACATTTATAATTCTATTAATCAATAAGCAGATTTAAATACTTAAAACATACAGTAATTgcaaacaatattattaattttaacaaaaatcaagtctttgcaTAAATTTCTTGGATTTTAACCTCAATCAATTATATAATTGTTGATTGAAATAGGAATAAAATTATTTTTCCCTAAAACTTTACAAAACTTTAGTTTTGGTATTATTATTATAAATAAAGTATTTCAATTTTATTTATTGATATAAGATAAACATAAATTCATCAACTTTCTTGTTAAAAATTCGTTTATTTAGTGTTTTAAATTTAACAAAAGTAAATTAATTAATAACTAAATCTGTGATTACATTGATTAGTTTGATGATTATTTTAAATGGACGTGGGTTCGAGTCCCACCAGCTCCTcat	1	NC_044689.1/44025-43604
Laminaria__rodriguezii.1	Standard	Body:1-419,TagCDS:77-121,CCAequiv:420-422	ANNIINFNKNQVFA*	11	.	Plastids,d__Eukaryota,k__Ochrophyta,c__Phaeophyceae,o__Laminariales,f__Laminariaceae	GGGGCTGTATTGGTTTCGACATTTATAATTCTATTAATCAATAAGCAGATTTAAATACTTAAAACATACAGTAATTgcaaacaacattattaattttaacaaaaatcaagtctttgcaTAAATTTCTTGGATTTTAATCTCAATCAATTATATAATTGTTGATTGAAATAGGAATAAGATTATTTTTCCCTAAAACTTTACAAAACTTTAGTTTTGGTATTATTATTATAAATAAAGTATTTCAATTTTATTTATTGATATAAGATAAACATAAATTCATCAACTTTCTTGTTAAAAATTCGTTTATTTAGTGTTTTAAATATAACAAAAGTAAATTAATTAATAACTAAATCTGTGATTACATTGATTAGTTTGATAATTATTTTAAATGGACGTGGGTTCGAGTCCCACCAGCTCCTcat	1	NC_057231.1/44008-43587
Laminaria__solidungula.1	Standard	Body:1-419,TagCDS:77-121,CCAequiv:420-422	ANNIINFNKNQVFA*	11	.	Plastids,d__Eukaryota,k__Ochrophyta,c__Phaeophyceae,o__Laminariales,f__Laminariaceae	GGGGCTGTATTGGTTTCGACATTTATAATTCTATTAATCAATAAGCAGATTTAAATACTTAAAACATACAGTAATTgcaaacaacattattaattttaacaaaaatcaagtctttgcgTAAATTTCTTGAATTTTAACCTCAATCAATTATATAATTGTTGATTGAAATAAGAATAAGATTATTTTTCCCTAAAACTTTACAAAACTTTAGTTTTGGTATTATTATTATAAGTAAAGTATTTTAATTTTATTTATTGATATAAAATAAACATAAACTCATCAACTTTCTTGTTAGAAATTCGTTTATTTGGCGTTTTAAATGTAACAAAAGTAAACTAATTAATAACTAAATCTGTGATTACATTGATTAGTTTGATGATTATTTTAAATGGACGTGGGTTCGAGTCCCACCAGCTCCTcac	1	NC_044690.1/43923-43502
Macrocystis__integrifolia.1	Standard	Body:1-417,TagCDS:77-121,CCAequiv:418-420	ANNIINFNKNQVFA*	11	.	Plastids,d__Eukaryota,k__Ochrophyta,c__Phaeophyceae,o__Laminariales,f__Laminariaceae	GGGGCTGTATTGGTTTCGACATTTATAATTCTATTAATCAATAAGCAGATTTAAATCCTTAAAACATACAGTAATTgcaaacaacattattaattttaataaaaatcaagtctttgcaTAAATTTCTTGAATTTTAACCTCAATCAATTTTATAATTGTTGATTGAAATAGGAATAAGATTATTTTCCCCTAAAACTTTACAAAACTTTAGTTTTGGTATTATTATTGTTATAGATAAAGTATTTTAATTTTATTTATTAAAATAAACATAAACTCATCAACTTTCTTGTTAAAGATTTTTTTATTTACCGTTTTAAAGATAATGGAAGTAAACTAATTAATAACTAAATCTGTGATTACATTGATTAGTTTGATGATTATTTTAAATGGACGTGGGTTCGAGTCCCACCAGCTCCTcat	1	NC_058274.1/39651-39232
Macrocystis__pyrifera.1	Standard	Body:1-417,TagCDS:77-121,CCAequiv:418-420	ANNIINFNKNQVFA*	11	.	Plastids,d__Eukaryota,k__Ochrophyta,c__Phaeophyceae,o__Laminariales,f__Laminariaceae	GGGGCTGTATTGGTTTCGACATTTATAATTCTATTAATCAATAAGCAGATTTAAATCCTTAAAACATAAAGTAATTgcaaacaacattattaattttaataaaaatcaagtctttgcaTAAATTTCTTGAATTTTAACCTCAATCAATTTTATAATTGTTGATTGAAATAGGAATAAGATTATTTTCCCCTAAAACTTTACAAAACTTTAGTTTTGGTATTATTATTGTCATAGATAAAGTATTTTAATTTTATTTATTAAAATAAACATAAACTCATCAACTTTCTTGTTAAAGATTTTTTTATTTACCGTTTTAAAGATAATGGAAGTAAACTAATTAATAACTAAATCTGTGATTACATTGATTAGTTTGATGATTATTTTAAATGGACGTGGGTTCGAGTCCCACCAGCTCCTcat	1	NC_065334.1/92313-91894
Saccharina__japonica.1	Standard	Body:1-419,TagCDS:77-121,CCAequiv:420-422	ANNIINFNKNQVFA*	11	.	Plastids,d__Eukaryota,k__Ochrophyta,c__Phaeophyceae,o__Laminariales,f__Laminariaceae	GGGGCTGTATTGGTTTCGACATTTATAATTCTATTAATCAATAAGCAGATTTAAATACTTAAAACATACAGTAATTgcaaacaatattattaattttaacaaaaatcaagtctttgcaTAAATTTCTTGAATTTTAACCTCAATCAATTATATAATTGTTGATTGAAATAAGAATAAGATTATTTTCCCCTAAAACTTTACAAAACTTTAGTTTTGGTATTATTATTATAGATAAAGTATTTTAATTTTATTTATTAATATAAAATAAACATAACCTCATCAACTTTCTTGTTAAAAATTCGTTTATTTAGCGTTTTAAATGTAACGGAAGTAAACTAATTGATAACTAAATCTGTGATTACATTGATTAGTTTGATGATTATTTTAAATGGACGTGGGTTCGAGTCCCACCAGCTCCTcac	2	NC_079820.1/43900-43479,NC_018523.1/43916-43495
Saccharina__latissima.1	Standard	Body:1-419,TagCDS:77-121,CCAequiv:420-422	ANNIINFNKNQVFA*	11	.	Plastids,d__Eukaryota,k__Ochrophyta,c__Phaeophyceae,o__Laminariales,f__Laminariaceae	GGGGCTGTATTGGTTTCGACATTTATAATTCTATTAATCAATAAGCAGATTTAAATACTTAAAACATACAGTAATTgcaaacaatattattaattttaacaaaaatcaagtctttgcaTAAATTTCTTGAATTTTAACCTCAATCAATTATATAATTGTTGATTGAAATAAGAATAAGATTATTTTCCCCTAAAACTTTACAAAACTTTAGTTTTGGTATTATTATTATAGATAAAGTATTTTAATTTTATTTATTAATATAAAATAAACATAAACTCATCAACTTTCTTGTTAAAAATTCGTTTATTTAACGTTTTAAATGTAACGAAAGTAAACTAATTGATAACTAAATCTGTGATTACATTGATTAGTTTGATGATTATTTTAAATGGACGTGGGTTCGAGTCCCACCAGCTCCTcac	2	NC_049039.1/43952-43531,NC_071183.1/43965-43544
Ecklonia__radiata.1	Standard	Body:1-451,TagCDS:77-121,CCAequiv:452-454	ANNIINFNKNQVFA*	11	.	Plastids,d__Eukaryota,k__Ochrophyta,c__Phaeophyceae,o__Laminariales,f__Lessoniaceae	GGGGCTGTATTGGTTTCGACATTTATAATTCTATTAATCAATAAGCAGATTTAAATACTTAAAACATATAGTAATTgcaaacaacattattaattttaacaaaaatcaagtctttgcaTAAATTTCTTGAATTTTAACTTCAATCAATTTTATAATTGTTGATTGAAATAGGAATAAGATTATTTTTCTCTAAAACTTTACAAAACTTTAGTTTTGGTATTATTATTATTATATTATACATATAAATTATAAATAAAAGTAAAAGTGTTTTAATTTTATTTATTTATTAATATAAAATAAACATAAATTCATCAACTTTCTTGTTAGAAGTTCGTTTATTTAACGTTTTAAATGTAACGAGAGTAAACCAATTGATAACTAAATCTGTGATTACATTGATTAATTTGATGATTATTTTAAATGGACGTGGGTTCAAGTCCCACCAGCTCCTcat	1	NC_070408.1/44223-43770
Lessonia__flavicans.1	Standard	Body:1-425,TagCDS:77-121,CCAequiv:426-428	ANNIINFNKNQVFA*	11	.	Plastids,d__Eukaryota,k__Ochrophyta,c__Phaeophyceae,o__Laminariales,f__Lessoniaceae	GGGGCTGTATTGGTTTCGACATTTATAATTTTATTAATCACTAAGCAGATTTAAATACTTAAAAAATACAGTAATTgcaaacaacattattaattttaataaaaatcaagtctttgcaTAAATTTCTTGAATTTTAACCTCAATCAATTATATAATTGTTGATTGAAATAAGAATAAGATTATTTTTCCCTAAAACTTTACAAAACTTTAGTTTTGGTATTATTATTATCATAAATAAAGTATTTTAATTTTATTTATTGTTCATATAAAATAAACATAAACTCATCAACTTTCTTGTTACAAATTTGTTTATTTATTGTTTTAAACATAACGAAAGTAAACTAATTAATAACTAAATCTGTGATTCCATTGATTGGTTTAATGATTATCTTAAATGGACGTGGGTTCGAGTCCCACCAGCTCCTcac	1	NC_056288.1/44131-43704
Lessonia__spicata.1	Standard	Body:1-425,TagCDS:77-121,CCAequiv:426-428	ANNIINFNKNQVFA*	11	.	Plastids,d__Eukaryota,k__Ochrophyta,c__Phaeophyceae,o__Laminariales,f__Lessoniaceae	GGGGCTGTATTGGTTTCGACATTTATAATTTTATTAATCACTAAGCAGATTTAAATACTTAAAAAATACAGTAATTgcaaacaacattattaattttaataaaaatcaagtctttgcaTAAATTTCTTGAATTTTAACCTCAATCAATTATATAATTGTTGATTGAAATAAGAATAAGATTATTTTTCCCTAAAACTTTACAAAACTTTAGTTTTGGTATTATTATTATAATAAATAAAGTATTTTAATTTTATTTATTGTTCATATAAAATAAACATAAACTCATCAACTTTCTTGTTAAAAATTTGTTTATTTATTGTGTCAAACGTAACGAAAGTAAACTAATTAATAACTAAATCTGTGATTCCATTGATTAGTTTAATGATTATTTTAAATGGACGTGGGTTCGAGTCCCACCAGCTCCTcac	1	NC_044182.1/44132-43705
Haramonas__pauciplastida.1	Standard	Body:1-325,TagCDS:83-127,CCAequiv:326-328	AKEKTNTNRIYAFC*	11	aragorn-1.2.40:105.5	Plastids,d__Eukaryota,k__Ochrophyta,c__Raphidophyceae	GGGGTTGATAAGGTTTCGACATTCTAATTATCTAGTTTTACAATTGAAAATCTATCTTAGTAAACTGTATTTAACATTATCTgcaaaagaaaaaacaaacactaatagaatctacgctttttgcTAAAAAAAATTAGCAATGTAAAAGATTCAATCTTCTAGTTATTTACTGGCTAAAAGATAAATCTCGCGATTGCAACGCATTAGTGATAAAACTAACCAAGAAAAAAAGTTTATTATAATAGCTTGTAAGACATAAACTGTTTTTCTGAAAAAGTAAGAAAAAAGATTAGAATGGAAGTGGGTTCAATTCCCACCAACTCCGtaa	1	NC_065321.1/76218-75891
Chattonella__marina.1	Standard	Body:1-340,TagCDS:72-116,CCAequiv:341-343	ANNIVSFNRVFAFC*	11	aragorn-1.2.40:104.2	Plastids,d__Eukaryota,k__Ochrophyta,c__Raphidophyceae,o__Chattonellales,f__Chattonellaceae	GGGGCTGAATGGGTTCGACATTTAAGTAATTGCCTATTGTAATACAAATCTTTTTTTTTTTTAAAATAAACgcaaacaatattgttagttttaatcgagtatttgctttttgcTAAACTAAAACTTTGCATAAAAAATTACCAAAAAACTTTAATAACCACTCTAAACTGACATAAATAGAGGTGGTAAAATTTTATTGTCTTCCCTAAAAAAGTTAAGATTTTAATTTATATTGATTTTAATAGTCTTTTATAGTTAGAATGTATTCTATAAAATAAGTTTGTGAAAAAACATGAAGCATGTTCTTAGTTGGAAGTGGGTTCAAATCCCACCAGCTCCAtaa	1	NC_065320.1/46522-46180
Heterosigma__akashiwo.1	Standard	Body:1-345,TagCDS:71-115,CCAequiv:346-348	ANNSIHFNRVSAFC*	11	aragorn-1.2.40:109.5	Plastids,d__Eukaryota,k__Ochrophyta,c__Raphidophyceae,o__Chattonellales,f__Chattonellaceae	GGGGCTGAATGGATTCGACATTTAAAAAAACATTTTTATTATACAATCTTTTTAATAAGTAAAAATAACTgcaaataattcaattcattttaaccgagtttcagcattttgtTAATATAGTTTTACTAAAACTTTAGCCAAAATTGTCAGGAAACTTGCTAGTCAATATTTCTTAATTGATAAAAAGTTGACTAAAATTATTAATCTGCACTAACTTAAGAGTTAAGAGTTATAAACTTTAAAATTTTTAATAGTTTTTTATAAAAATTTTAGTATAAAATAAATTTGTGACAAAATAAATAGTGTAATTTTAGATGGAAGTGGGTTCAAGTCCCACCAGTTCCAcaa	1	NC_010772.1/101657-101310
Gonyostomum__semen.1	Standard	Body:1-336,TagCDS:81-125,CCAequiv:337-339	ANNIVRFNKVKCFA*	11	aragorn-1.2.40:109.4	Plastids,d__Eukaryota,k__Ochrophyta,c__Raphidophyceae,o__Chattonellales,f__Vacuolariaceae	GGGGCTGAAATGGGTTCGACATTTAAGTAAATGCTTTTTGAAATACAAAAATAGAAAATTTAAAAACTTAATAAATAACTgcaaataatatagttcgttttaataaagtaaaatgttttgcaTAATTTTTGTTTAACCCTTTAAAAACTTTAAATATCAATTTTAAAATCGAAAAATTTTTAATTGGTAATTTATTTAATTTCTGCTCTTAAATTTAGTTAAGATTTTTACTTGTTTTAAATTAATAGTTTCTTTGAAAAAACTTCTAAGATAAATTTGTGAAAAATCCTAAAGCATAAACTAAGATGGAAGTGGGTTCAAAACCCACCAGCTCCAgaa	1	NC_065317.1/42104-41766
Merotricha__bacillata.1	Standard	Body:1-338,TagCDS:87-131,CCAequiv:339-341	VNNINSFKKINCFA*	11	aragorn-1.2.40:106.4	Plastids,d__Eukaryota,k__Ochrophyta,c__Raphidophyceae,o__Chattonellales,f__Vacuolariaceae	GGGGCTGAAATGGTTTCGACATTTCAAAAAATGATTTATGATATACAAGAATCAAAAATTTTTTTTACTTTAAAATTTAAATAAAAgtaaataatattaatagttttaaaaaaataaattgttttgctTAATTTAGTAAAAATATTTTTATAGTCAATTTTTAAGTTCTAAACAAAAAATTGAAAATAGAAGATTTTTTAGTGCTCTCTTGTAAAGTTAAGATTTTTAAATTTGTACTTTTAGGCATTTGTCTATAATAAATATTTTATAGACTAATTTTGTAAAAATTCATAAAACATTTAATAAAATGGAAGTGGGTTCAATTCCCATCAGCTCCAaaa	1	NC_065318.1/30310-30650
Vacuolaria__virescens.1	Standard	Body:1-347,TagCDS:84-128,CCAequiv:348-350	ANNNISFNRMPIFL*	11	aragorn-1.2.40:106.3	Plastids,d__Eukaryota,k__Ochrophyta,c__Raphidophyceae,o__Chattonellales,f__Vacuolariaceae	GGGGCTGTATTGGGTTCGACATTTAAGTAAATGATTTATGTAAGACAAATAAATCTTTTAAATTCAAAGTTTTTAAAATAAATgcaaataacaatatttcttttaaccgaatgcctatttttttaTAATTAAAAATTCATTAATATAAAAAAAAACATTACTAATCAATCGAAATTAAAAAAATAAGAATTGGTAGTTTAAATAAATTTGCTCTGTACATATAGTTAAGATTTTTTATTGCTTTTATAATTTTTTATAATAAAGTTTTTATTTATTATAAAATAAATTTGTGAAAAAGCATAAAGCATATTGCTTAATGGAAGTGGGTTCAAACCCCACCAGCTCCAaat	1	NC_065319.1/45104-44755
Mallomonas__splendens.1	StandardNoCDS	Body:1-63,CCAequiv:64-66	undetermined	11	.	Plastids,d__Eukaryota,k__Ochrophyta,c__Synurophyceae,o__Synurales,f__Mallomonadaceae	GGGGCTTTTCGGATTCGACATTGATTTTTACAATGGACGTGGGTTCAAATCCCACCAGCTCCAtat	1	NC_040135.1/19788-19723
Synura__uvella.1	StandardNoCDS	Body:1-62,CCAequiv:63-65	undetermined	11	.	Plastids,d__Eukaryota,k__Ochrophyta,c__Synurophyceae,o__Synurales,f__Mallomonadaceae	GGGGCTTTTTGGATTCGACATTGAATTTTCAATGGACGTGGGTTCAAATCCCACAAGCTCCAaaa	1	NC_040134.1/19559-19495
Entomoneis__sp.1	Standard	Body:1-325,TagCDS:97-174,CCAequiv:326-328	AINNFFKAINFNIQNTFFNSLRFAV*	11	aragorn-1.2.40:110.9	Plastids,d__Eukaryota,k__Ochrophyta,p__Bacillariophyta,c__Bacillariophyceae,f__Entomoneidaceae	GGGGCTGTTTTGGTTTCGACATTTAAAATTAATTAATATATGATTCAGGCCGAAGCGTGTATTCTTCGTAAAAATCTACACAACATAAATATAACTgctattaacaacttttttaaagcaatcaacttcaatattcaaaacacttttttcaattcattacgatttgctgttTAACAAATTTTAGTGAATAGTTCACTATTTTTAGATACTTTATCTACTATAGTTTAGACTAATTTAATTAATAACTTGTTCTTTGAAACTATGCCTGTGAGCGAGTATATTAATTGATTTTAAATGGACATGGGTTCAATTCCCATCAGTTCCAtgg	1	NC_038001.1/30853-31180
WVXT01__sp009619095.1	GpIintron	Exon1:1-332,TagCDS:96-125,GpI:333-579,Exon2:580-593,CCAequiv:594-596	ADTKLALAA*	11	infernal-1.1.2:138.1/tmRNA	d__Bacteria,p__UBA6262,c__UBA6262,o__WVXT01,f__WVXT01,WVXT01__sp009619095	GGGGGCGATCAGGTTTCGACAGGAATAAAGGAGGCAAGGACGGCAGGTCGAGGTTTGTCGAAGGCTCGTTAATCAATCGACAACAAAAACTAAGTgctgacactaagttagcattagccgcgTAAGCGGACACGCTCACCTCTTTTTGCCCATTGGATGGGGATGAGTGTCAGAGAGATGGGATAGTTCCGGCTTTTGCCTTGGAAGTCGGGATGAGATTTAAAGGCTGCTCCGTCTCGAATCCTGTCTTTGGGTAATAAGGCGGGGGAGATTCCAAACAAAGACTAAACCTGTAGATGTCCTGCTGAAATATTTCTGGACGCGGGTTCGATcaaaaggtcgacttccgaagtaattcgggatgcaaaacctggcttacatcagggaaaccctaatcctgataatacaggaaagggtaatcctgaggggcgaaagccctgcagagactgtaatgataggaggtgatatcgttggacgaagttgaaccaacgataaatctatgcctcctataacacgtcaggctccccgattggggatgaagagatagtccataccacttagaaataaatggagtatatgTCCCGCCGCCTCCAcca	1	WJOT01000061.1/9381-9976
UBA953__sp003569205.1	Standard	Body:1-364,TagCDS:93-148,CCAequiv:365-367	frameshift	11	infernal-1.1.2:121.2/tmRNA	d__Bacteria,p__Verrucomicrobiota,c__Verrucomicrobiae,o__Opitutales,f__UBA953,UBA953__sp003569205	GGGGGTGTTTCCGGATTCGATTCCCATCAGATATCATGACGGCATGCAGAGGACGTCAGCTCCCTCTTAAATCCAGCTGGCAGCATATAACTgctaaaaacaaccatcacgttcgaaagcgacaacgctttccgcactcgctgctTAATTACAGCGACGGGCCCAGGACGCGCCTGCATTCCTGGATCAGCTCGGTTAACGTGGGCGATCCCCTCCTCTAGTTTCTATCTCCGGGGTAAGTGAGAATGAAGATAGGCCGCACGGGTGCGCATTCCCAAACGCGGTCGAGATCAATAATGACGCTAAGCATGTAGAAGATGTGACGTAAGGATAGGAAGACGCGGGTCGACTCCCGCCACCTCCAcca	1	BGOK01000023.1/25516-25150
